learning evaluation instances,evaluation time (cpu seconds),model cost (RAM-Hours),classified instances,classifications correct (percent),Kappa Statistic (percent),Kappa Temporal Statistic (percent),Kappa M Statistic (percent),model training instances,model serialized size (bytes),Change detected,Warning detected
1000.0,0.023076961,1.7720948510368667E-9,1000.0,90.60000000000001,81.1999247996992,82.12927756653993,80.69815195071868,1000.0,1408.0,0.0,0.0
2000.0,0.111408979,8.926094450342158E-9,2000.0,87.75,75.44160012509748,76.14410905550145,73.85272145144076,58.0,1408.0,2.0,15.0
3000.0,0.16287675,1.3094463083232855E-8,3000.0,85.36666666666667,70.64631596778004,71.60413971539457,69.34357541899442,1058.0,1408.0,0.0,0.0
4000.0,0.202695565,1.633207518356128E-8,4000.0,85.82499999999999,71.65087882275648,72.19225110348209,71.27659574468085,2058.0,1408.0,0.0,2.0
5000.0,0.234305218,1.8892137208818975E-8,5000.0,83.88,67.7703908259977,68.21766561514195,66.55601659751036,995.0,1408.0,1.0,1.0
6000.0,0.254444419,2.0523208695087166E-8,6000.0,83.13333333333334,66.25111593086281,66.40106241699868,64.26553672316385,63.0,1408.0,1.0,2.0
7000.0,0.27796747,2.243583503904649E-8,7000.0,81.75714285714287,63.52113480734231,63.60786548874323,62.162962962962965,1063.0,1408.0,0.0,5.0
8000.0,0.30421709,2.4570154891132067E-8,8000.0,81.5625,63.12707410208177,63.09732299224419,62.78072167549838,2063.0,1408.0,0.0,0.0
9000.0,0.331196902,2.6755246646166263E-8,9000.0,82.08888888888889,64.17749473576087,64.20959147424512,63.90506045678459,992.0,1408.0,1.0,3.0
10000.0,0.356562932,2.8809638389553875E-8,10000.0,83.34,66.67227329984183,66.77966101694915,66.08996539792388,1992.0,1408.0,0.0,0.0
