learning evaluation instances,evaluation time (cpu seconds),model cost (RAM-Hours),classified instances,classifications correct (percent),Kappa Statistic (percent),Kappa Temporal Statistic (percent),Kappa M Statistic (percent),model training instances,model serialized size (bytes),Change detected,Warning detected
1000.0,0.028946297,2.1168886596792276E-9,1000.0,91.3,82.19256590797447,81.5677966101695,79.72027972027973,1000.0,1408.0,0.0,0.0
2000.0,0.166532991,1.2739779959859121E-8,2000.0,91.3,82.36510317428144,82.73809523809524,80.87912087912088,2000.0,1408.0,0.0,0.0
3000.0,0.235805408,1.8088213987147643E-8,3000.0,93.4,86.38074484944534,85.6832971800434,84.50704225352113,3000.0,1408.0,0.0,0.0
4000.0,0.291384258,2.2379385356807876E-8,4000.0,92.0,83.74466113714224,84.03193612774452,82.1826280623608,4000.0,1408.0,0.0,0.0
5000.0,0.338508126,2.601775846437034E-8,5000.0,93.8,87.3784154618482,88.1679389312977,86.00451467268621,5000.0,1408.0,0.0,0.0
6000.0,0.371632124,2.8575219654486413E-8,6000.0,93.5,86.85647268168401,87.12871287128714,85.9002169197397,6000.0,1408.0,0.0,0.0
7000.0,0.424621875,3.266649002759821E-8,7000.0,94.0,87.6225879518271,87.04103671706262,85.81560283687942,7000.0,1408.0,0.0,0.0
8000.0,0.482110382,3.7105103552759524E-8,8000.0,92.30000000000001,84.39463337521788,84.60000000000001,83.00220750551878,8000.0,1408.0,0.0,0.0
9000.0,0.537268049,4.1363755925877226E-8,9000.0,93.8,87.34161708800026,88.19047619047619,85.81235697940502,9000.0,1408.0,0.0,0.0
10000.0,0.580413625,4.469497023597359E-8,10000.0,93.7,87.23321471706373,87.52475247524754,86.12334801762115,10000.0,1408.0,0.0,0.0
