learning evaluation instances,evaluation time (cpu seconds),model cost (RAM-Hours),classified instances,classifications correct (percent),Kappa Statistic (percent),Kappa Temporal Statistic (percent),Kappa M Statistic (percent),model training instances,model serialized size (bytes),Change detected,Warning detected
1000.0,0.016643966,1.1474456046728624E-9,1000.0,93.8,87.4773784901758,88.05394990366088,86.55097613882862,1000.0,1408.0,0.0,4.0
2000.0,0.088327916,6.264296229775581E-9,2000.0,90.35,80.55591936247593,81.20740019474195,79.29184549356222,58.0,1408.0,3.0,1.0
3000.0,0.124221248,8.837827337976132E-9,3000.0,88.83333333333333,77.62988024751813,78.38709677419355,77.05479452054794,995.0,1408.0,1.0,3.0
4000.0,0.162396152,1.1562778758700524E-8,4000.0,89.45,78.90027957129567,79.5344325897187,78.78330819507289,190.0,1408.0,1.0,1.0
5000.0,0.195202231,1.3904499685607025E-8,5000.0,86.96000000000001,73.88736547387464,74.47141738449491,72.99088649544325,987.0,1408.0,1.0,0.0
6000.0,0.222712041,1.587693712372747E-8,6000.0,85.53333333333333,70.97023624252293,71.51296357072529,69.42585417400493,1987.0,1408.0,0.0,1.0
7000.0,0.246379947,1.7573912271004586E-8,7000.0,84.11428571428571,68.20355216647614,68.64956301099522,67.35173223722842,883.0,1408.0,2.0,3.0
8000.0,0.27055714,1.9307403001106448E-8,8000.0,83.45,66.90006826860919,67.170840565336,66.71694318753143,1883.0,1408.0,0.0,2.0
9000.0,0.296083467,2.1137625857335E-8,9000.0,83.75555555555556,67.51060572053343,67.91044776119404,67.04980842911878,891.0,1408.0,2.0,1.0
10000.0,0.319748368,2.283438554785318E-8,10000.0,85.17,70.33495931628703,70.78408195429472,69.73469387755102,1891.0,1408.0,0.0,0.0
