learning evaluation instances,evaluation time (cpu seconds),model cost (RAM-Hours),classified instances,classifications correct (percent),Kappa Statistic (percent),Kappa Temporal Statistic (percent),Kappa M Statistic (percent),model training instances,model serialized size (bytes),Change detected,Warning detected
1000.0,0.024817065,1.9057185694575308E-9,1000.0,93.4,86.68157254305284,86.47540983606558,85.43046357615896,1000.0,1408.0,0.0,0.0
2000.0,0.111012503,8.886676809469031E-9,2000.0,90.0,79.83161414650921,79.89949748743719,78.33152762730228,66.0,1408.0,2.0,2.0
3000.0,0.143872185,1.1547978534301122E-8,3000.0,88.26666666666667,76.49349764734637,76.18403247631936,75.90691307323752,1066.0,1408.0,0.0,0.0
4000.0,0.183899922,1.4800920957283426E-8,4000.0,88.64999999999999,77.30372218956092,77.16297786720321,76.93089430894308,151.0,1408.0,1.0,2.0
5000.0,0.216117896,1.741025082775495E-8,5000.0,86.83999999999999,73.67895136942255,73.24115494103293,72.50313414124528,987.0,1408.0,1.0,2.0
6000.0,0.237785173,1.916508100695494E-8,6000.0,85.31666666666666,70.59952278453554,69.91120218579235,68.95701198026778,143.0,1408.0,1.0,6.0
7000.0,0.262761737,2.1187929945468074E-8,7000.0,84.52857142857142,69.06280499520007,68.2218309859155,68.30553116769096,962.0,1408.0,1.0,2.0
8000.0,0.29030317,2.3418507318287673E-8,8000.0,83.7,67.39903827162901,66.35706914344685,67.09563462023719,77.0,1408.0,1.0,7.0
9000.0,0.316737102,2.55667191647138E-8,9000.0,83.73333333333333,67.45618997048976,66.47584153881384,66.92272932670583,1077.0,1408.0,0.0,5.0
10000.0,0.338684692,2.7350338523290637E-8,10000.0,85.09,70.16303589568885,69.44045911047345,69.55900367496938,2077.0,1408.0,0.0,0.0
