learning evaluation instances,evaluation time (cpu seconds),model cost (RAM-Hours),classified instances,classifications correct (percent),Kappa Statistic (percent),Kappa Temporal Statistic (percent),Kappa M Statistic (percent),model training instances,model serialized size (bytes),Change detected,Warning detected
1000.0,0.024230135,1.6704409217358464E-9,1000.0,92.60000000000001,84.96912577185572,84.77366255144034,83.40807174887892,1000.0,1408.0,0.0,1.0
2000.0,0.097743027,6.941272685579542E-9,2000.0,90.05,79.86388390264239,80.37475345167651,78.17982456140349,72.0,1408.0,2.0,3.0
3000.0,0.129153713,9.19340067277559E-9,3000.0,88.2,76.33613912745864,76.30522088353415,75.5524861878453,1072.0,1408.0,0.0,1.0
4000.0,0.166761563,1.1877875381288015E-8,4000.0,88.5,76.99665876468556,77.06879361914257,76.84952189229996,172.0,1408.0,1.0,1.0
5000.0,0.20698703,1.4749197427073701E-8,5000.0,85.82,71.64790229667186,71.26064045399269,70.75082508250824,219.0,1408.0,5.0,2.0
6000.0,0.23526981,1.6768042099035034E-8,6000.0,84.81666666666666,69.61915560594943,69.16046039268787,68.26889585510274,9.0,1408.0,2.0,3.0
7000.0,0.258911691,1.8463151268890748E-8,7000.0,83.37142857142858,66.74429053180403,65.99474145486415,66.014598540146,952.0,1408.0,1.0,3.0
8000.0,0.284075923,2.0267412123413135E-8,8000.0,83.0,66.0010135947822,65.19959058341863,65.84630838774484,1952.0,1408.0,0.0,1.0
9000.0,0.310950484,2.2185737135528276E-8,9000.0,83.34444444444445,66.67679379923082,65.90857402774618,66.24634091420852,786.0,1408.0,2.0,0.0
10000.0,0.336629089,2.4018693969603627E-8,10000.0,84.52,69.01915484814802,68.45965770171148,68.42105263157893,617.0,1408.0,1.0,1.0
