learning evaluation instances,evaluation time (cpu seconds),model cost (RAM-Hours),classified instances,classifications correct (percent),Kappa Statistic (percent),Kappa Temporal Statistic (percent),Kappa M Statistic (percent),model training instances,model serialized size (bytes),Change detected,Warning detected
1000.0,0.035213433,2.575214266131322E-9,1000.0,93.60000000000001,87.06636973207178,86.77685950413225,85.71428571428572,1000.0,1408.0,0.0,0.0
2000.0,0.175324094,1.3392977805092101E-8,2000.0,94.89999999999999,89.71085484638911,89.8203592814371,88.96103896103895,2000.0,1408.0,0.0,0.0
3000.0,0.214803542,1.6441135097795888E-8,3000.0,95.6,91.05585617816733,90.9090909090909,90.20044543429843,3000.0,1408.0,0.0,0.0
4000.0,0.257031091,1.9701469726521106E-8,4000.0,95.1,90.05681818181817,90.27777777777777,89.15929203539822,4000.0,1408.0,0.0,0.0
5000.0,0.303237551,2.3269010944904552E-8,5000.0,93.7,87.34533183352082,87.64705882352942,86.76470588235296,5000.0,1408.0,0.0,0.0
6000.0,0.344519453,2.6456333387659656E-8,6000.0,94.8,89.60137261881431,89.43089430894308,89.7029702970297,6000.0,1408.0,0.0,0.0
7000.0,0.389886444,2.995906028659393E-8,7000.0,95.3,90.44940623755375,90.10526315789474,89.97867803837953,7000.0,1408.0,0.0,0.0
8000.0,0.441326385,3.3930671827246746E-8,8000.0,94.39999999999999,88.65625202566927,88.88888888888889,87.61061946902655,8000.0,1408.0,0.0,0.0
9000.0,0.490718026,3.774413676507357E-8,9000.0,93.8,87.54144479051541,87.89062499999999,86.94736842105262,9000.0,1408.0,0.0,0.0
10000.0,0.540866024,4.1615999051957494E-8,10000.0,94.89999999999999,89.7867636456848,89.41908713692945,89.54918032786884,10000.0,1408.0,0.0,0.0
