learning evaluation instances,evaluation time (cpu seconds),model cost (RAM-Hours),classified instances,classifications correct (percent),Kappa Statistic (percent),Kappa Temporal Statistic (percent),Kappa M Statistic (percent),model training instances,model serialized size (bytes),Change detected,Warning detected
1000.0,0.020128756,1.3837316783269248E-9,1000.0,90.60000000000001,80.99566539431973,80.97165991902835,78.29099307159353,152.0,1408.0,2.0,3.0
2000.0,0.09309175,6.591881361181538E-9,2000.0,87.94999999999999,75.64288630786582,75.85170340681361,73.16258351893094,44.0,1408.0,3.0,4.0
3000.0,0.126886177,9.004151261486114E-9,3000.0,86.96666666666667,73.87329998262675,73.86363636363637,72.88488210818309,862.0,1408.0,2.0,1.0
4000.0,0.163174318,1.1594424216027062E-8,4000.0,87.4,74.79773179586164,74.74949899799599,74.5839636913767,237.0,1408.0,1.0,1.0
5000.0,0.19338714,1.376066604845226E-8,5000.0,85.72,71.44168151379246,71.15151515151514,70.72570725707257,872.0,1408.0,2.0,4.0
6000.0,0.214691387,1.5281378140619233E-8,6000.0,85.06666666666666,70.10217647924432,69.77058029689609,68.80222841225627,173.0,1408.0,1.0,1.0
7000.0,0.23602211,1.6810778620934323E-8,7000.0,83.75714285714285,67.50101551670322,66.91882455629909,66.58830443726123,672.0,1408.0,4.0,3.0
8000.0,0.260551402,1.8561696687022018E-8,8000.0,83.6125,67.22540968237897,66.5902140672783,67.03545385969323,183.0,1408.0,1.0,1.0
9000.0,0.284776575,2.02986275553248E-8,9000.0,83.94444444444444,67.8796413979926,67.19636776390465,67.3888512751072,851.0,1408.0,2.0,1.0
10000.0,0.307158496,2.19033983231874E-8,10000.0,85.0,69.97814408889671,69.48118006103763,69.28746928746928,1851.0,1408.0,0.0,0.0
