learning evaluation instances,evaluation time (cpu seconds),model cost (RAM-Hours),classified instances,classifications correct (percent),Kappa Statistic (percent),Kappa Temporal Statistic (percent),Kappa M Statistic (percent),model training instances,model serialized size (bytes),Change detected,Warning detected
1000.0,0.022830099,1.573921549214671E-9,1000.0,93.5,86.94475018277352,87.71266540642723,85.99137931034484,1000.0,1408.0,0.0,2.0
2000.0,0.094674959,6.702258042968395E-9,2000.0,90.05,79.99798974771333,80.35538005923001,78.73931623931622,35.0,1408.0,3.0,2.0
3000.0,0.128156844,9.102889798434657E-9,3000.0,88.5,76.9709526949993,77.74193548387099,76.27235213204952,1035.0,1408.0,0.0,5.0
4000.0,0.172623082,1.2291093299788317E-8,4000.0,88.9,77.8,78.21393523061825,77.5530839231547,2035.0,1408.0,0.0,1.0
5000.0,0.207409772,1.4785278817764998E-8,5000.0,87.22,74.419027695666,74.98042286609241,73.29711659005433,875.0,1408.0,2.0,8.0
6000.0,0.231891553,1.6532805515351806E-8,6000.0,85.88333333333334,71.71205836689627,72.28403141361255,70.08124337689863,12.0,1408.0,3.0,5.0
7000.0,0.252143383,1.7984849992665562E-8,7000.0,84.52857142857142,69.0391274204288,69.63835155592936,68.04367069932134,1012.0,1408.0,0.0,2.0
8000.0,0.276941489,1.9762859825117304E-8,8000.0,83.9375,67.87343382989921,68.38090551181102,67.52590346221885,2012.0,1408.0,0.0,1.0
9000.0,0.303027457,2.163320861679605E-8,9000.0,83.91111111111111,67.82026442300095,68.49434290687556,67.49719416386084,770.0,1408.0,2.0,1.0
10000.0,0.326779305,2.3336202356838102E-8,10000.0,85.04,70.07137457015112,70.59748427672957,69.6058512799675,1770.0,1408.0,0.0,2.0
