learning evaluation instances,evaluation time (cpu seconds),model cost (RAM-Hours),classified instances,classifications correct (percent),Kappa Statistic (percent),Kappa Temporal Statistic (percent),Kappa M Statistic (percent),model training instances,model serialized size (bytes),Change detected,Warning detected
1000.0,0.023197637,1.7813616395990054E-9,1000.0,93.10000000000001,85.84324989741486,85.22483940042828,84.13793103448278,1000.0,1408.0,0.0,0.0
2000.0,0.095754459,7.657729996935362E-9,2000.0,90.55,80.69935725796074,80.51546391752576,78.78787878787878,46.0,1408.0,2.0,4.0
3000.0,0.134069783,1.0760883516458175E-8,3000.0,88.33333333333333,76.6047785074116,75.71131158917417,75.6267409470752,1046.0,1408.0,0.0,0.0
4000.0,0.170880581,1.374218565473954E-8,4000.0,89.075,78.14963946905125,77.64705882352942,78.07325639739088,62.0,1408.0,1.0,2.0
5000.0,0.201915621,1.6265601307319273E-8,5000.0,86.7,73.38620340784662,72.92345276872963,72.49793217535154,1062.0,1408.0,0.0,8.0
6000.0,0.220812787,1.780210341828151E-8,6000.0,85.35000000000001,70.66644241011718,70.1831750339213,69.40480334145494,2062.0,1408.0,0.0,2.0
7000.0,0.24357774,1.964583424576248E-8,7000.0,83.91428571428573,67.81021668273706,67.181579714369,67.21979621542941,1038.0,1408.0,1.0,0.0
8000.0,0.269080642,2.1719439502691646E-8,8000.0,83.3125,66.62458697926387,65.96124426313106,66.52457372116349,2038.0,1408.0,0.0,1.0
9000.0,0.294563352,2.3783281145358668E-8,9000.0,83.35555555555555,66.70939479546502,65.85365853658539,66.20036101083033,1016.0,1408.0,1.0,0.0
10000.0,0.318485457,2.5720729575264787E-8,10000.0,84.66,69.3029226019019,68.66830065359478,68.48808545603944,2016.0,1408.0,0.0,0.0
