learning evaluation instances,evaluation time (cpu seconds),model cost (RAM-Hours),classified instances,classifications correct (percent),Kappa Statistic (percent),Kappa Temporal Statistic (percent),Kappa M Statistic (percent),model training instances,model serialized size (bytes),Change detected,Warning detected,tree size (nodes),tree size (leaves),active learning leaves,tree depth,active leaf byte size estimate,inactive leaf byte size estimate,byte size estimate overhead
1000.0,0.047221438,4.199936361052096E-9,1000.0,91.7,83.15746753246755,82.81573498964804,81.59645232815966,191.0,2320.0,1.0,3.0,1.0,1.0,1.0,0.0,0.0,0.0,1.0
2000.0,0.157510823,1.4350916833865145E-8,2000.0,89.9,79.64228881142209,79.86041874376869,78.3957219251337,334.0,2320.0,1.0,9.0,1.0,1.0,1.0,0.0,0.0,0.0,1.0
3000.0,0.219544901,2.006050270585964E-8,3000.0,87.83333333333333,75.64447607820458,75.55257870060281,75.18694765465669,986.0,2320.0,1.0,2.0,1.0,1.0,1.0,0.0,0.0,0.0,1.0
4000.0,0.256197228,2.3500186934241403E-8,4000.0,88.14999999999999,76.30265410274049,76.32367632367632,76.13293051359516,1986.0,9232.0,0.0,0.0,7.0,4.0,4.0,2.0,0.0,0.0,1.0
5000.0,0.281513294,2.5852585094813258E-8,5000.0,86.66,73.31533765579523,73.10483870967742,72.32365145228216,995.0,4624.0,1.0,1.0,3.0,2.0,2.0,1.0,0.0,0.0,1.0
6000.0,0.306666408,2.8235755866163723E-8,6000.0,85.58333333333333,71.11467307820743,70.77702702702703,69.74466596712138,1995.0,9232.0,0.0,1.0,7.0,4.0,4.0,2.0,0.0,0.0,1.0
7000.0,0.333558216,3.073457379757737E-8,7000.0,84.39999999999999,68.80570409982174,68.28347371478361,68.0140597539543,1049.0,4624.0,1.0,0.0,3.0,2.0,2.0,1.0,0.0,0.0,1.0
8000.0,0.359429991,3.315419049446781E-8,8000.0,84.1125,68.2271843810738,67.60958205912335,68.0893798644238,2049.0,6928.0,0.0,0.0,5.0,3.0,3.0,2.0,0.0,0.0,1.0
9000.0,0.386145253,3.5620514159984886E-8,9000.0,84.13333333333334,68.25051127250134,67.64106050305915,67.85955435516544,951.0,2320.0,1.0,3.0,1.0,1.0,1.0,0.0,0.0,0.0,1.0
10000.0,0.409558276,3.7781978745516386E-8,10000.0,85.39999999999999,70.77790341944964,70.41540020263425,70.33123348912822,1951.0,2320.0,0.0,0.0,1.0,1.0,1.0,0.0,0.0,0.0,1.0
