learning evaluation instances,evaluation time (cpu seconds),model cost (RAM-Hours),classified instances,classifications correct (percent),Kappa Statistic (percent),Kappa Temporal Statistic (percent),Kappa M Statistic (percent),model training instances,model serialized size (bytes),Change detected,Warning detected
1000.0,0.049754639,3.7119521587093674E-9,1000.0,67.5,31.480856805532138,32.851239669421496,16.879795396419453,1000.0,3024.0,0.0,0.0
2000.0,0.19355518,1.5086027281586494E-8,2000.0,66.9,29.963691146225667,31.04166666666667,20.81339712918662,2000.0,3024.0,0.0,0.0
3000.0,0.261954002,2.0553303273796206E-8,3000.0,78.4,56.81088365731836,56.71342685370742,57.14285714285715,921.0,3024.0,1.0,9.0
4000.0,0.332699003,2.6203722350477344E-8,4000.0,88.6,77.20136791792493,76.78207739307535,76.3975155279503,1921.0,3024.0,0.0,7.0
5000.0,0.381873565,3.013130563247121E-8,5000.0,88.7,77.35107832919105,78.22736030828517,76.45833333333334,2921.0,3024.0,0.0,0.0
6000.0,0.414856882,3.27684893104165E-8,6000.0,85.5,70.94304837481464,69.79166666666666,68.61471861471861,3921.0,3024.0,0.0,1.0
7000.0,0.479262257,3.787057351264275E-8,7000.0,87.3,27.320590591736295,18.06451612903227,-53.012048192771154,1104.0,3024.0,1.0,0.0
8000.0,0.538563941,4.2568351999326715E-8,8000.0,97.6,6.832298136645898,33.33333333333333,-20.0,2104.0,3024.0,0.0,0.0
9000.0,0.597851957,4.7265047730310925E-8,9000.0,98.3,0.0,50.0,0.0,3104.0,3024.0,0.0,0.0
10000.0,0.648111217,5.1246500776141056E-8,10000.0,98.5,0.0,50.0,0.0,4104.0,3024.0,0.0,0.0
