learning evaluation instances,evaluation time (cpu seconds),model cost (RAM-Hours),classified instances,classifications correct (percent),Kappa Statistic (percent),Kappa Temporal Statistic (percent),Kappa M Statistic (percent),model training instances,model serialized size (bytes),Change detected,Warning detected
1000.0,0.032247925,2.44029927936693E-9,1000.0,67.5,31.480856805532138,32.851239669421496,16.879795396419453,1000.0,3024.0,0.0,0.0
2000.0,0.118787444,9.451452933405008E-9,2000.0,67.2,30.63757392226545,31.950207468879675,18.912237330037087,2000.0,3024.0,0.0,0.0
3000.0,0.175850919,1.4046090417746453E-8,3000.0,69.89999999999999,38.13797355621018,38.27751196172248,31.17378048780487,377.0,3024.0,4.0,0.0
4000.0,0.229109835,1.8350264774082847E-8,4000.0,73.25,45.75050250498323,44.95884773662552,41.498086386003294,641.0,3024.0,1.0,0.0
5000.0,0.2641806,2.1172278435348222E-8,5000.0,75.9,51.712959712659654,41.5615906886518,46.085011185682326,713.0,3016.0,3.0,0.0
6000.0,0.295590568,2.369790124017538E-8,6000.0,77.68333333333334,53.81981519648825,37.72093023255814,41.42607174103238,81.0,2984.0,6.0,0.0
7000.0,0.314484146,2.522457066514219E-8,7000.0,78.32857142857142,55.123843653989994,42.42884250474383,44.554093567251456,1081.0,3024.0,0.0,0.0
8000.0,0.335839076,2.6948269988416385E-8,8000.0,79.0125,56.77440241383681,46.11681643132219,47.840944392668526,2081.0,3024.0,0.0,0.0
9000.0,0.358472118,2.8773729041084234E-8,9000.0,80.06666666666666,57.65379022968609,43.902439024390226,45.087235996326896,681.0,2976.0,3.0,0.0
10000.0,0.379056024,3.042961318243502E-8,10000.0,82.02000000000001,59.99762210558991,43.84759525296691,44.998470480269205,817.0,2936.0,1.0,0.0
