learning evaluation instances,evaluation time (cpu seconds),model cost (RAM-Hours),classified instances,classifications correct (percent),Kappa Statistic (percent),Kappa Temporal Statistic (percent),Kappa M Statistic (percent),model training instances,model serialized size (bytes),Change detected,Warning detected
1000.0,0.038879274,2.9203078218673665E-9,1000.0,63.9,22.40830854411335,23.51694915254237,8.375634517766505,1000.0,3024.0,0.0,1.0
2000.0,0.210576113,1.6587933338638394E-8,2000.0,66.60000000000001,29.351941552480522,27.548806941431675,18.734793187347947,2000.0,3024.0,0.0,0.0
3000.0,0.26136711,2.064724957961175E-8,3000.0,71.39999999999999,42.46028552574399,43.811394891944985,40.66390041493775,809.0,3024.0,1.0,4.0
4000.0,0.320268478,2.5354762600825892E-8,4000.0,88.4,76.74791533033996,76.93836978131213,75.42372881355932,1809.0,3024.0,0.0,0.0
5000.0,0.370528546,2.9371645953299268E-8,5000.0,90.10000000000001,80.18192591643579,80.35714285714286,79.41787941787942,2809.0,3024.0,0.0,0.0
6000.0,0.426052552,3.380762479064779E-8,6000.0,86.0,71.95288083981089,72.86821705426357,69.95708154506437,211.0,3024.0,1.0,6.0
7000.0,0.470676105,3.736534559630892E-8,7000.0,80.9,27.409546974764393,-41.48148148148144,-148.05194805194813,1211.0,3024.0,0.0,5.0
8000.0,0.511132168,4.059080317137556E-8,8000.0,96.6,13.283003468680073,22.727272727272727,-54.54545454545454,2211.0,3024.0,0.0,0.0
9000.0,0.539234455,4.283132604382725E-8,9000.0,98.0,8.617380974138939,47.368421052631575,-5.263157894736842,3211.0,3024.0,0.0,0.0
10000.0,0.56013654,4.4497795378669265E-8,10000.0,98.4,10.942892129577649,52.94117647058824,5.88235294117647,4211.0,3024.0,0.0,0.0
