learning evaluation instances,evaluation time (cpu seconds),model cost (RAM-Hours),classified instances,classifications correct (percent),Kappa Statistic (percent),Kappa Temporal Statistic (percent),Kappa M Statistic (percent),model training instances,model serialized size (bytes),Change detected,Warning detected
1000.0,0.03653074,2.7665855338590012E-9,1000.0,64.60000000000001,29.968663944544687,28.62903225806452,11.7206982543641,425.0,3024.0,1.0,0.0
2000.0,0.133193804,1.0603717840835453E-8,2000.0,66.7,31.75837957915618,32.79515640766903,17.267080745341616,1425.0,3024.0,0.0,0.0
3000.0,0.191149492,1.5273073231122562E-8,3000.0,70.46666666666667,39.99306466119786,40.13513513513513,30.40062843676355,121.0,3024.0,3.0,0.0
4000.0,0.233999502,1.8741894141505992E-8,4000.0,74.075,47.62441096402398,48.30508474576271,41.61036036036036,1121.0,3024.0,0.0,0.0
5000.0,0.269064978,2.1564353077184E-8,5000.0,77.10000000000001,53.836869738209494,46.49532710280375,50.087183958151705,521.0,3016.0,2.0,0.0
6000.0,0.301717755,2.4190245959500062E-8,6000.0,79.98333333333333,57.72731336485657,46.28801431127012,48.762798634812285,17.0,2928.0,2.0,0.0
7000.0,0.330309594,2.6493469083888666E-8,7000.0,80.02857142857142,58.401428005097245,48.847420417124034,50.61815612857647,249.0,3024.0,3.0,0.0
8000.0,0.3574098,2.8681581125652627E-8,8000.0,80.5875,59.997398414191785,52.2594528127882,53.33533653846154,1249.0,3024.0,0.0,0.0
9000.0,0.387073636,3.107048393394798E-8,9000.0,81.88888888888889,61.37684212322161,51.401311866428145,51.8463810930576,233.0,2936.0,3.0,0.0
10000.0,0.413029012,3.315869393434376E-8,10000.0,83.66,63.49242948274537,51.36904761904761,51.77095631641087,1233.0,2968.0,0.0,0.0
