learning evaluation instances,evaluation time (cpu seconds),model cost (RAM-Hours),classified instances,classifications correct (percent),Kappa Statistic (percent),Kappa Temporal Statistic (percent),Kappa M Statistic (percent),model training instances,model serialized size (bytes),Change detected,Warning detected
1000.0,0.032563763,2.464199708426992E-9,1000.0,63.6,22.65587815326036,24.948453608247423,7.1428571428571495,1000.0,3024.0,0.0,0.0
2000.0,0.116586825,9.271478105303314E-9,2000.0,65.14999999999999,25.763875871235992,27.7720207253886,12.765957446808496,2000.0,3024.0,0.0,0.0
3000.0,0.171722321,1.3714301818244987E-8,3000.0,68.53333333333333,35.24725852623492,35.16483516483516,26.36505460218409,153.0,3024.0,3.0,0.0
4000.0,0.2269509,1.815685367447014E-8,4000.0,72.6,44.2164665763238,43.38842975206611,38.53056646102074,33.0,3008.0,1.0,0.0
5000.0,0.261659151,2.0950128180539858E-8,5000.0,74.16,48.36047712361143,37.3423860329777,43.48206474190728,649.0,3016.0,4.0,0.0
6000.0,0.282843144,2.265424282277624E-8,6000.0,77.48333333333333,53.358659822714586,37.16279069767442,42.166095890410965,81.0,3024.0,1.0,0.0
7000.0,0.308223282,2.4697170720485352E-8,7000.0,77.72857142857143,53.786038462821914,40.90219863532979,44.261708973900596,89.0,3024.0,1.0,0.0
8000.0,0.335162141,2.6872589875830132E-8,8000.0,78.64999999999999,56.14980950327079,45.67430025445292,48.41437632135306,1089.0,3024.0,0.0,0.0
9000.0,0.364969917,2.926975325330057E-8,9000.0,78.64444444444445,55.07968098003888,40.6423718344657,42.899584076054644,9.0,2312.0,5.0,0.0
10000.0,0.390144086,3.129511214070229E-8,10000.0,80.76,57.7158674196407,40.65391733497841,42.87410926365795,241.0,2968.0,1.0,0.0
