learning evaluation instances,evaluation time (cpu seconds),model cost (RAM-Hours),classified instances,classifications correct (percent),Kappa Statistic (percent),Kappa Temporal Statistic (percent),Kappa M Statistic (percent),model training instances,model serialized size (bytes),Change detected,Warning detected
1000.0,0.032860827,2.486679451391101E-9,1000.0,68.4,33.757897693684804,33.752620545073384,23.11435523114357,1000.0,3024.0,0.0,0.0
2000.0,0.122453106,9.693425534336517E-9,2000.0,67.95,33.604852542695916,35.51307847082495,24.67685076380728,17.0,3008.0,1.0,0.0
3000.0,0.168303848,1.3389790926225898E-8,3000.0,71.76666666666667,42.87309869262354,43.11618535930154,38.08479532163742,473.0,3024.0,2.0,0.0
4000.0,0.210358215,1.6796291307980816E-8,4000.0,75.02499999999999,49.68901870923877,49.443319838056674,46.290322580645146,1473.0,3024.0,0.0,0.0
5000.0,0.251535146,2.0107088773635528E-8,5000.0,75.6,50.99604160484269,41.570881226053636,44.54545454545454,73.0,2968.0,7.0,0.0
6000.0,0.281200072,2.2504122068128653E-8,6000.0,78.10000000000001,54.19191079345258,40.00000000000001,41.755319148936174,1073.0,3024.0,0.0,0.0
7000.0,0.309186231,2.4759944568079795E-8,7000.0,78.37142857142857,54.91891317062796,43.2320959880015,44.05025868440502,377.0,3024.0,2.0,0.0
8000.0,0.336847958,2.6993738166602953E-8,8000.0,79.10000000000001,56.84987297874915,47.3219911783239,47.71732332707944,1377.0,3024.0,0.0,0.0
9000.0,0.377488456,3.0254507171358504E-8,9000.0,78.08888888888889,53.859352658260754,39.58333333333333,39.30440135426284,41.0,2312.0,8.0,0.0
10000.0,0.414908146,3.326560751093759E-8,10000.0,80.23,56.468131104865705,39.578239608801965,39.22533046418691,1041.0,3024.0,0.0,0.0
