learning evaluation instances,evaluation time (cpu seconds),model cost (RAM-Hours),classified instances,classifications correct (percent),Kappa Statistic (percent),Kappa Temporal Statistic (percent),Kappa M Statistic (percent),model training instances,model serialized size (bytes),Change detected,Warning detected
1000.0,0.03270219,2.474674903601408E-9,1000.0,68.7,33.718458032984074,37.14859437751005,19.74358974358976,1000.0,3024.0,0.0,0.0
2000.0,0.135812531,1.082834329030994E-8,2000.0,67.55,31.261941781300706,34.90471414242728,19.67821782178218,2000.0,3024.0,0.0,0.0
3000.0,0.211927841,1.6964558003627592E-8,3000.0,70.56666666666666,39.3607260780468,40.61869535978481,31.709203402938908,697.0,3024.0,2.0,0.0
4000.0,0.265344551,2.129143428278052E-8,4000.0,74.2,47.73311373137707,47.29315628192033,43.76021798365122,1697.0,3024.0,0.0,0.0
5000.0,0.300076261,2.4085806047990917E-8,5000.0,77.9,55.50379051329539,45.83333333333334,49.81834695731154,521.0,3024.0,3.0,0.0
6000.0,0.319870221,2.567908474057085E-8,6000.0,80.75,59.394286981257615,45.876288659793815,48.73501997336883,113.0,3024.0,1.0,0.0
7000.0,0.346810993,2.7852316593627134E-8,7000.0,80.88571428571429,59.86752770516044,48.91179839633447,50.444444444444436,377.0,3024.0,2.0,0.0
8000.0,0.374328185,3.007272992847694E-8,8000.0,81.6375,61.727504259410914,52.490297542043976,53.30578512396693,1377.0,3024.0,0.0,0.0
9000.0,0.402016674,3.230387110665234E-8,9000.0,82.74444444444444,62.62177407217118,50.97853535353535,51.362355151894754,169.0,2880.0,3.0,0.0
10000.0,0.427653808,3.436541613683726E-8,10000.0,84.46000000000001,64.60282939561449,50.97791798107255,51.34627426424547,561.0,2808.0,1.0,0.0
