learning evaluation instances,evaluation time (cpu seconds),model cost (RAM-Hours),classified instances,classifications correct (percent),Kappa Statistic (percent),Kappa Temporal Statistic (percent),Kappa M Statistic (percent),model training instances,model serialized size (bytes),Change detected,Warning detected
1000.0,0.032041177,2.4246540248145655E-9,1000.0,69.19999999999999,33.20147130265804,31.707317073170714,17.204301075268802,1000.0,3024.0,0.0,0.0
2000.0,0.107250162,8.51784423539622E-9,2000.0,68.35,32.02319587628866,34.13111342351717,19.363057324840753,2000.0,3024.0,0.0,0.0
3000.0,0.148770879,1.1864618890064045E-8,3000.0,71.23333333333333,40.516124288904635,40.80932784636489,32.735775526110686,313.0,3024.0,3.0,0.0
4000.0,0.203368872,1.6286503829281363E-8,4000.0,74.5,48.02501423579574,47.0954356846473,42.85714285714286,1313.0,3024.0,0.0,0.0
5000.0,0.248935463,1.995317176890249E-8,5000.0,76.02,52.106101243308025,40.81934846989141,47.227112676056336,617.0,3024.0,5.0,0.0
6000.0,0.281176183,2.254519359414983E-8,6000.0,79.25,57.003432818295465,40.9952606635071,46.28990509059533,17.0,2936.0,1.0,0.0
7000.0,0.319097221,2.5600403691743396E-8,7000.0,79.24285714285715,56.92613079176472,44.00770712909442,47.37413980441871,217.0,3024.0,1.0,0.0
8000.0,0.350389705,2.8127006665060505E-8,8000.0,79.7625,58.388838442030824,47.63906856403622,50.428658909981635,1217.0,3024.0,0.0,0.0
9000.0,0.374097836,3.002892170083399E-8,9000.0,76.63333333333333,51.5808629519695,33.99246704331449,36.6566265060241,9.0,2312.0,5.0,0.0
10000.0,0.394255697,3.1650824439215164E-8,10000.0,78.91,54.48918741641786,34.01126408010013,36.571428571428584,977.0,2992.0,1.0,0.0
