learning evaluation instances,evaluation time (cpu seconds),model cost (RAM-Hours),classified instances,classifications correct (percent),Kappa Statistic (percent),Kappa Temporal Statistic (percent),Kappa M Statistic (percent),model training instances,model serialized size (bytes),Change detected,Warning detected
1000.0,0.024982795,1.9116200853139162E-9,1000.0,66.4,29.19130570389322,32.25806451612904,16.000000000000014,1000.0,3024.0,0.0,6.0
2000.0,0.101459323,8.088825956657529E-9,2000.0,67.0,29.87675308117298,31.0344827586207,16.77175283732661,2000.0,3024.0,0.0,4.0
3000.0,0.150176231,1.201937962943481E-8,3000.0,71.7,40.89445006544076,41.36740331491712,31.642512077294683,864.0,3024.0,1.0,6.0
4000.0,0.191754996,1.538288047030361E-8,4000.0,75.125,49.03885748703692,48.284823284823275,43.46590909090908,1864.0,3024.0,0.0,7.0
5000.0,0.226112418,1.8156026838866784E-8,5000.0,78.03999999999999,56.03426860483199,46.386718749999986,52.15686274509803,979.0,3024.0,1.0,8.0
6000.0,0.248585247,1.995763414993675E-8,6000.0,80.5,59.55092072360754,45.37815126050421,50.233943002977476,85.0,3024.0,1.0,1.0
7000.0,0.276950227,2.2231604879049376E-8,7000.0,80.34285714285714,59.44157721735027,47.540983606557354,51.60042208934223,573.0,3024.0,2.0,4.0
8000.0,0.307633364,2.4712818364252645E-8,8000.0,80.65,60.32491536366392,49.95150339476236,53.51351351351351,304.0,3024.0,1.0,5.0
9000.0,0.336612132,2.7035095782130954E-8,9000.0,81.22222222222221,60.40881220189475,46.98870765370137,50.0295683027794,272.0,2904.0,4.0,4.0
10000.0,0.361637479,2.9054385722801087E-8,10000.0,82.96,62.47912571078275,46.549560853199495,49.61561206386752,1272.0,2904.0,0.0,1.0
