learning evaluation instances,evaluation time (cpu seconds),model cost (RAM-Hours),classified instances,classifications correct (percent),Kappa Statistic (percent),Kappa Temporal Statistic (percent),Kappa M Statistic (percent),model training instances,model serialized size (bytes),Change detected,Warning detected
1000.0,0.03428689,2.5945940074821314E-9,1000.0,65.60000000000001,27.774791722655213,24.72647702407002,12.020460358056276,1000.0,3024.0,0.0,0.0
2000.0,0.138882916,1.1068627817258239E-8,2000.0,67.2,30.691657113878062,31.524008350730693,16.962025316455712,2000.0,3024.0,0.0,0.0
3000.0,0.205850762,1.6469892955120237E-8,3000.0,70.6,39.777874582302886,40.56603773584905,31.944444444444443,697.0,3024.0,2.0,0.0
4000.0,0.261656713,2.0992382180212685E-8,4000.0,74.075,47.584965932755104,47.62626262626263,42.990654205607484,1697.0,3024.0,0.0,0.0
5000.0,0.31653336,2.5407874152881815E-8,5000.0,76.74,53.17771533017158,44.08653846153846,47.73033707865167,297.0,3000.0,4.0,0.0
6000.0,0.349799419,2.8083912529187894E-8,6000.0,78.13333333333333,54.451571929947995,40.36363636363637,42.65734265734265,177.0,3024.0,2.0,0.0
7000.0,0.383372367,3.078922399474101E-8,7000.0,78.47142857142858,55.364804397224724,43.85245901639344,45.12017479970866,313.0,3024.0,2.0,0.0
8000.0,0.409366074,3.288831839685432E-8,8000.0,79.25,57.261813295013134,47.55134281200631,48.23822887433738,1313.0,3024.0,0.0,0.0
9000.0,0.438410599,3.522482189335136E-8,9000.0,78.44444444444446,54.62814962108269,40.38106945298095,40.472537588217264,233.0,2936.0,5.0,0.0
10000.0,0.462896639,3.719522356305892E-8,10000.0,80.58999999999999,57.277414891371926,40.386977886977874,40.46012269938648,1233.0,2984.0,0.0,0.0
