learning evaluation instances,evaluation time (cpu seconds),model cost (RAM-Hours),classified instances,classifications correct (percent),Kappa Statistic (percent),Kappa Temporal Statistic (percent),Kappa M Statistic (percent),model training instances,model serialized size (bytes),Change detected,Warning detected
1000.0,0.043401298,3.2602364656991427E-9,1000.0,69.19999999999999,33.20147130265804,31.707317073170714,17.204301075268802,1000.0,3024.0,0.0,9.0
2000.0,0.183396617,1.440518732878483E-8,2000.0,67.5,30.963871800972033,36.27450980392158,21.30750605326878,2000.0,3024.0,0.0,0.0
3000.0,0.226191936,1.7795359670753695E-8,3000.0,78.3,56.58992886349634,56.33802816901409,56.42570281124498,918.0,3024.0,1.0,1.0
4000.0,0.264253375,2.0810522095254728E-8,4000.0,87.5,74.99039631218388,73.68421052631578,73.51694915254238,1918.0,3024.0,0.0,0.0
5000.0,0.297442716,2.3439725207547764E-8,5000.0,89.1,78.19476674401857,77.84552845528455,78.0241935483871,2918.0,3024.0,0.0,0.0
6000.0,0.345775981,2.7304215172574754E-8,6000.0,84.7,69.365689572321,68.9655172413793,65.06849315068493,3918.0,3024.0,0.0,2.0
7000.0,0.389092628,3.0735686231505954E-8,7000.0,88.7,37.29607351341751,18.115942028985522,-46.75324675324682,1064.0,3024.0,1.0,0.0
8000.0,0.429925804,3.397042094419607E-8,8000.0,96.3,-1.8722466960352797,-8.823529411764707,-117.64705882352942,2064.0,3024.0,0.0,0.0
9000.0,0.459914639,3.634608541780048E-8,9000.0,98.2,-0.3568242640503132,40.0,-12.5,3064.0,3024.0,0.0,0.0
10000.0,0.486130932,3.842289553428897E-8,10000.0,98.1,-0.18983336848726434,47.22222222222222,-5.555555555555555,4064.0,3024.0,0.0,0.0
