learning evaluation instances,evaluation time (cpu seconds),model cost (RAM-Hours),classified instances,classifications correct (percent),Kappa Statistic (percent),Kappa Temporal Statistic (percent),Kappa M Statistic (percent),model training instances,model serialized size (bytes),Change detected,Warning detected
1000.0,0.03224676,2.440211120247841E-9,1000.0,65.60000000000001,23.878648403443176,25.054466230936818,12.911392405063301,1000.0,3024.0,0.0,0.0
2000.0,0.136506282,1.0886982457612952E-8,2000.0,66.64999999999999,27.56346070724995,28.891257995735597,16.520650813516884,2000.0,3024.0,0.0,0.0
3000.0,0.202966035,1.6239014826373508E-8,3000.0,68.86666666666666,35.952528983652115,34.2716396903589,29.0273556231003,249.0,3024.0,3.0,0.0
4000.0,0.264454001,2.1214336646383424E-8,4000.0,72.725,44.89300605873869,43.11783107403544,41.65775401069518,1249.0,3024.0,0.0,0.0
5000.0,0.324129267,2.6018282311945743E-8,5000.0,74.9,49.7541758083372,38.600782778864975,42.928603910868574,489.0,3008.0,4.0,0.0
6000.0,0.360810109,2.8968486396684833E-8,6000.0,77.83333333333333,53.810976456794855,38.19702602230483,41.019955654102,49.0,3016.0,2.0,0.0
7000.0,0.396008707,3.181309748284726E-8,7000.0,77.9,53.83096017618676,41.49016641452345,42.936185909258576,1049.0,3024.0,0.0,0.0
8000.0,0.434821475,3.494159808701319E-8,8000.0,78.10000000000001,54.51246061949382,44.16826003824092,44.87098804279422,513.0,3024.0,3.0,0.0
9000.0,0.456769983,3.670507803169597E-8,9000.0,78.53333333333333,54.16197073789631,40.22277227722773,40.204271123491175,73.0,2312.0,1.0,0.0
10000.0,0.477537868,3.8375719488043753E-8,10000.0,80.65,56.675691556716956,40.203955500618044,40.148468914321064,945.0,2976.0,1.0,0.0
