learning evaluation instances,evaluation time (cpu seconds),model cost (RAM-Hours),classified instances,classifications correct (percent),Kappa Statistic (percent),Kappa Temporal Statistic (percent),Kappa M Statistic (percent),model training instances,model serialized size (bytes),Change detected,Warning detected
1000.0,0.037080885,2.8157705058964592E-9,1000.0,65.10000000000001,30.117818554620236,29.63709677419355,12.967581047381557,35.0,3000.0,2.0,10.0
2000.0,0.137983039,1.0976338398015748E-8,2000.0,64.14999999999999,26.48883183884547,27.648839556004035,10.931677018633524,865.0,3024.0,1.0,8.0
3000.0,0.187351039,1.4968823007301738E-8,3000.0,66.73333333333333,32.00510892808801,32.567567567567565,21.602513747054203,267.0,3024.0,1.0,12.0
4000.0,0.230421879,1.84451804862813E-8,4000.0,70.89999999999999,41.08063878913626,41.97407776669989,34.459459459459445,226.0,3024.0,2.0,3.0
5000.0,0.26508639,2.124332865335875E-8,5000.0,73.8,47.373258737806665,38.78504672897197,42.89450741063644,1226.0,3024.0,0.0,13.0
6000.0,0.297588344,2.3866778887795905E-8,6000.0,76.86666666666667,51.61679385268361,37.924865831842595,40.78498293515361,2226.0,3024.0,0.0,2.0
7000.0,0.323533212,2.5964936304204164E-8,7000.0,77.62857142857142,53.639062891601256,42.70032930845225,44.683857294242316,943.0,3024.0,1.0,8.0
8000.0,0.351754863,2.82273581909202E-8,8000.0,78.53750000000001,55.902417726354855,47.217952659083934,48.40745192307694,35.0,3016.0,1.0,2.0
9000.0,0.378557899,3.039075514048959E-8,9000.0,79.82222222222222,57.17034332435179,45.85569469290402,46.351550960118175,1035.0,3024.0,0.0,8.0
10000.0,0.404176587,3.245855788758024E-8,10000.0,81.5,58.985137100493056,44.94047619047617,45.39551357733174,2035.0,3024.0,0.0,0.0
