learning evaluation instances,evaluation time (cpu seconds),model cost (RAM-Hours),classified instances,classifications correct (percent),Kappa Statistic (percent),Kappa Temporal Statistic (percent),Kappa M Statistic (percent),model training instances,model serialized size (bytes),Change detected,Warning detected
1000.0,0.040233836,2.9470273266898265E-9,1000.0,90.3,80.57980299511492,81.2015503875969,78.7746170678337,1000.0,1184.0,0.0,0.0
2000.0,0.184633743,1.4129728169377065E-8,2000.0,90.7,81.33069955675467,82.11538461538463,80.2547770700637,2000.0,1184.0,0.0,0.0
3000.0,0.265784167,2.041422608701926E-8,3000.0,92.0,83.96915665740886,84.49612403100775,83.57289527720741,3000.0,1184.0,0.0,0.0
4000.0,0.344563421,2.651509449057074E-8,4000.0,91.0,81.92241098796033,82.6923076923077,80.89171974522293,4000.0,1184.0,0.0,0.0
5000.0,0.396127331,3.0508336534758825E-8,5000.0,92.7,85.40128468694755,84.63157894736844,84.97942386831276,5000.0,1184.0,0.0,0.0
6000.0,0.446415334,3.4402769053508014E-8,6000.0,90.9,81.74626099236151,81.5040650406504,80.63829787234043,6000.0,1184.0,0.0,0.0
7000.0,0.504919819,3.893350710800332E-8,7000.0,92.10000000000001,84.1753134890429,84.66019417475728,83.7782340862423,7000.0,1184.0,0.0,0.0
8000.0,0.561239428,4.329504273575214E-8,8000.0,91.10000000000001,82.14615279683525,82.88461538461539,81.104033970276,8000.0,1184.0,0.0,0.0
9000.0,0.616410342,4.756762046310223E-8,9000.0,92.4,84.80115511221148,84.00000000000001,84.36213991769547,9000.0,1184.0,0.0,0.0
10000.0,0.658217318,5.0805260399708324E-8,10000.0,91.10000000000001,82.1507360314468,81.91056910569107,81.06382978723404,10000.0,1184.0,0.0,0.0
