learning evaluation instances,evaluation time (cpu seconds),model cost (RAM-Hours),classified instances,classifications correct (percent),Kappa Statistic (percent),Kappa Temporal Statistic (percent),Kappa M Statistic (percent),model training instances,model serialized size (bytes),Change detected,Warning detected
1000.0,0.033891098,2.489662260458701E-9,1000.0,88.6,77.19233662510604,76.29937629937629,76.3975155279503,1000.0,1184.0,0.0,1.0
2000.0,0.17991254,1.3829066253027153E-8,2000.0,91.8,83.50020926563859,83.76237623762377,82.32758620689657,2000.0,1184.0,0.0,0.0
3000.0,0.238392172,1.8370345694608984E-8,3000.0,90.0,79.99231704974711,79.20997920997921,79.75708502024293,3000.0,1184.0,0.0,0.0
4000.0,0.287540838,2.2187022011706395E-8,4000.0,91.9,83.70378715938904,83.96039603960396,82.54310344827587,4000.0,1184.0,0.0,0.0
5000.0,0.318473171,2.4589095402542085E-8,5000.0,90.8,81.57700810611644,81.88976377952757,81.14754098360656,5000.0,1184.0,0.0,0.0
6000.0,0.354439448,2.7382083469401628E-8,6000.0,92.5,84.86340738827177,85.40856031128405,83.4070796460177,6000.0,1184.0,0.0,0.0
7000.0,0.39346606,3.041272413332015E-8,7000.0,90.4,80.78708892375677,80.04158004158005,80.5668016194332,7000.0,1184.0,0.0,0.0
8000.0,0.431179685,3.3341403812426655E-8,8000.0,92.0,83.8979775859848,84.15841584158417,82.75862068965519,8000.0,1184.0,0.0,0.0
9000.0,0.478851345,3.7043382126929024E-8,9000.0,91.2,82.3712298471105,82.67716535433071,81.9672131147541,9000.0,1184.0,0.0,0.0
10000.0,0.518474904,4.012037915538168E-8,10000.0,92.60000000000001,85.05654281098546,85.60311284046693,83.6283185840708,10000.0,1184.0,0.0,0.0
