learning evaluation instances,evaluation time (cpu seconds),model cost (RAM-Hours),classified instances,classifications correct (percent),Kappa Statistic (percent),Kappa Temporal Statistic (percent),Kappa M Statistic (percent),model training instances,model serialized size (bytes),Change detected,Warning detected
1000.0,0.042129723,3.085896282593409E-9,1000.0,90.8,81.55780425613804,80.0865800865801,79.86870897155362,1000.0,1184.0,0.0,0.0
2000.0,0.182023819,1.391965551227331E-8,2000.0,90.7,81.20103171972154,81.58415841584159,79.6943231441048,2000.0,1184.0,0.0,0.0
3000.0,0.249162131,1.9119019374599057E-8,3000.0,92.0,83.94992376213789,82.72138228941685,83.12236286919831,3000.0,1184.0,0.0,0.0
4000.0,0.307070537,2.3603595535544056E-8,4000.0,91.2,82.20266312877183,82.57425742574259,80.78602620087338,4000.0,1184.0,0.0,0.0
5000.0,0.351228009,2.7023263938414552E-8,5000.0,92.0,83.8948656831798,83.70672097759675,82.83261802575109,5000.0,1184.0,0.0,0.0
6000.0,0.388601799,2.991758652913073E-8,6000.0,91.0,81.89724878409854,81.05263157894737,80.72805139186296,6000.0,1184.0,0.0,0.0
7000.0,0.426063052,3.281868247991427E-8,7000.0,92.10000000000001,84.1588129135753,82.93736501079914,83.33333333333334,7000.0,1184.0,0.0,0.0
8000.0,0.463011471,3.568006324442724E-8,8000.0,91.0,81.79199171333312,82.17821782178218,80.34934497816595,8000.0,1184.0,0.0,0.0
9000.0,0.499465938,3.850319109339888E-8,9000.0,91.5,82.89999919529409,82.68839103869654,81.75965665236052,9000.0,1184.0,0.0,0.0
10000.0,0.535540348,4.1296886349078265E-8,10000.0,90.8,81.49987733614321,80.63157894736842,80.29978586723769,10000.0,1184.0,0.0,0.0
