learning evaluation instances,evaluation time (cpu seconds),model cost (RAM-Hours),classified instances,classifications correct (percent),Kappa Statistic (percent),Kappa Temporal Statistic (percent),Kappa M Statistic (percent),model training instances,model serialized size (bytes),Change detected,Warning detected
1000.0,0.05719068,4.307317311316729E-9,1000.0,65.8,25.413497103775573,27.695560253699792,12.082262210796925,1000.0,3024.0,0.0,9.0
2000.0,0.244613228,1.926477358843717E-8,2000.0,71.39999999999999,38.573619302488396,40.41666666666666,27.959697732997473,2000.0,3024.0,0.0,0.0
3000.0,0.346650455,2.734798906409699E-8,3000.0,78.0,55.85874799357946,56.43564356435644,54.545454545454554,889.0,3024.0,1.0,2.0
4000.0,0.427751216,3.377265333298179E-8,4000.0,89.7,79.33536100923689,78.54166666666667,78.40670859538784,1889.0,3024.0,0.0,0.0
5000.0,0.483429653,3.8183404358379125E-8,5000.0,89.3,78.59434890811174,78.55711422845691,77.61506276150628,2889.0,3024.0,0.0,0.0
6000.0,0.547295799,4.324277175688702E-8,6000.0,88.8,77.59650505478855,77.51004016064257,78.08219178082192,3889.0,3024.0,0.0,0.0
7000.0,0.602818868,4.764109988286884E-8,7000.0,92.7,18.69013143239031,-55.31914893616998,-170.37037037036995,774.0,3016.0,3.0,2.0
8000.0,0.66706938,5.27307831285542E-8,8000.0,98.7,62.196114923810576,63.888888888888886,27.77777777777778,1774.0,3016.0,0.0,0.0
9000.0,0.723813683,5.726578183985211E-8,9000.0,97.8,30.348888748179764,52.17391304347826,4.3478260869565215,2774.0,3024.0,0.0,3.0
10000.0,0.772425639,6.115225274272884E-8,10000.0,98.0,32.33642330333569,41.17647058823529,-17.647058823529413,3774.0,3024.0,0.0,6.0
