learning evaluation instances,evaluation time (cpu seconds),model cost (RAM-Hours),classified instances,classifications correct (percent),Kappa Statistic (percent),Kappa Temporal Statistic (percent),Kappa M Statistic (percent),model training instances,model serialized size (bytes),Change detected,Warning detected
1000.0,0.062607167,4.688568284724736E-9,1000.0,80.5,70.88218034233597,71.06824925816025,68.80000000000001,1000.0,7888.0,0.0,0.0
2000.0,0.207405389,1.612717176401574E-8,2000.0,79.2,68.95031154182603,69.13946587537093,67.80185758513933,2000.0,7888.0,0.0,0.0
3000.0,0.273403082,2.1340781643665914E-8,3000.0,81.3,72.09242630236587,72.21396731054976,71.09737248840803,3000.0,7888.0,0.0,0.0
4000.0,0.336040804,2.6288964396932473E-8,4000.0,79.7,69.69353143512326,69.88130563798221,68.57585139318886,4000.0,7888.0,0.0,0.0
5000.0,0.384852398,3.0144926585184616E-8,5000.0,80.9,71.4486022521223,70.97264437689971,70.83969465648856,5000.0,7888.0,0.0,0.0
6000.0,0.441786953,3.464257710823375E-8,6000.0,81.39999999999999,71.99183245694873,71.02803738317756,71.51607963246553,6000.0,7888.0,0.0,0.0
7000.0,0.505477298,3.967391376314271E-8,7000.0,81.39999999999999,72.24145753241481,72.36255572065377,71.55963302752293,7000.0,7888.0,0.0,0.0
8000.0,0.57191294,4.4922120234421975E-8,8000.0,79.60000000000001,69.5456934027612,69.73293768545994,68.42105263157895,8000.0,7888.0,0.0,0.0
9000.0,0.632566677,4.971357442147823E-8,9000.0,81.10000000000001,71.74562692567008,71.27659574468086,71.14503816793895,9000.0,7888.0,0.0,0.0
10000.0,0.693997028,5.4566378668499077E-8,10000.0,81.2,71.69045622034463,70.7165109034268,71.20980091883615,10000.0,7888.0,0.0,0.0
