learning evaluation instances,evaluation time (cpu seconds),model cost (RAM-Hours),classified instances,classifications correct (percent),Kappa Statistic (percent),Kappa Temporal Statistic (percent),Kappa M Statistic (percent),model training instances,model serialized size (bytes),Change detected,Warning detected
1000.0,0.062589896,4.687274882280165E-9,1000.0,78.5,67.8360385967537,67.47352496217852,65.9270998415214,1000.0,7888.0,0.0,0.0
2000.0,0.188227604,1.4612258103821012E-8,2000.0,77.8,67.09356101031662,66.21004566210046,63.72549019607844,2000.0,7888.0,0.0,0.0
3000.0,0.258041509,2.0127336711871126E-8,3000.0,81.2,71.87073104678288,71.51515151515153,71.42857142857144,3000.0,7888.0,0.0,0.0
4000.0,0.296471207,2.316316181510273E-8,4000.0,78.0,67.38121573174313,66.5144596651446,64.05228758169935,4000.0,7888.0,0.0,0.0
5000.0,0.343324506,2.686442486623095E-8,5000.0,77.7,66.90525553446528,67.54002911208151,64.88188976377953,5000.0,7888.0,0.0,0.0
6000.0,0.375857533,2.9434431532708304E-8,6000.0,81.3,71.96002429131585,72.37813884785818,71.62367223065249,6000.0,7888.0,0.0,0.0
7000.0,0.40648194,3.185366323060459E-8,7000.0,81.3,72.02027108915956,71.66666666666667,71.05263157894736,7000.0,7888.0,0.0,0.0
8000.0,0.445965658,3.4972752594078573E-8,8000.0,78.5,68.11101519695526,67.27549467275495,64.86928104575163,8000.0,7888.0,0.0,0.0
9000.0,0.485643191,3.8107152732109853E-8,9000.0,77.5,66.60878856684921,67.24890829694323,64.56692913385828,9000.0,7888.0,0.0,0.0
10000.0,0.521701853,4.095567345919294E-8,10000.0,81.3,71.96002429131585,72.37813884785818,71.62367223065249,10000.0,7888.0,0.0,0.0
