learning evaluation instances,evaluation time (cpu seconds),model cost (RAM-Hours),classified instances,classifications correct (percent),Kappa Statistic (percent),Kappa Temporal Statistic (percent),Kappa M Statistic (percent),model training instances,model serialized size (bytes),Change detected,Warning detected,tree size (nodes),tree size (leaves),active learning leaves,tree depth,active leaf byte size estimate,inactive leaf byte size estimate,byte size estimate overhead
1000.0,0.118051481,1.0914996915548626E-8,1000.0,81.8,72.52398867142917,73.27459618208515,71.20253164556961,1000.0,12304.0,0.0,0.0,1.0,1.0,1.0,0.0,0.0,0.0,1.0
2000.0,0.281358761,2.7229034677137517E-8,2000.0,81.05,71.5083437702505,71.58920539730134,71.1787072243346,2000.0,12304.0,0.0,0.0,1.0,1.0,1.0,0.0,0.0,0.0,1.0
3000.0,0.363538264,3.561512829201089E-8,3000.0,81.83333333333334,72.64860839130658,72.93942403177755,72.0942140296979,3000.0,12304.0,0.0,0.0,1.0,1.0,1.0,0.0,0.0,0.0,1.0
4000.0,0.426367539,4.2161580622798454E-8,4000.0,81.45,72.10842979481278,72.17847769028872,71.85128983308043,4000.0,12304.0,0.0,0.0,1.0,1.0,1.0,0.0,0.0,0.0,1.0
5000.0,0.49559949,4.952431273621197E-8,5000.0,81.84,72.67271939848683,72.8712279653421,72.24938875305624,5000.0,12304.0,0.0,0.0,1.0,1.0,1.0,0.0,0.0,0.0,1.0
6000.0,0.569275366,5.7517467576126676E-8,6000.0,81.58333333333333,72.3083739477182,72.37499999999999,72.0606826801517,6000.0,12304.0,0.0,0.0,1.0,1.0,1.0,0.0,0.0,0.0,1.0
7000.0,0.643895123,6.577409893775359E-8,7000.0,81.82857142857142,72.66149887937937,72.82051282051282,72.32375979112271,7000.0,12304.0,0.0,0.0,1.0,1.0,1.0,0.0,0.0,0.0,1.0
8000.0,0.720629875,7.442912228336973E-8,8000.0,81.66250000000001,72.42717541503961,72.492030751922,72.21064595567343,8000.0,12304.0,0.0,0.0,1.0,1.0,1.0,0.0,0.0,0.0,1.0
9000.0,0.853610183,8.727899496793127E-8,9000.0,81.36666666666666,71.9713172589497,72.11042740728422,71.67229729729729,201.0,12304.0,2.0,0.0,1.0,1.0,1.0,0.0,0.0,0.0,1.0
10000.0,0.908613832,9.27118117045901E-8,10000.0,81.23,71.7780179477973,71.84218421842185,71.57352718461306,1201.0,12304.0,0.0,0.0,1.0,1.0,1.0,0.0,0.0,0.0,1.0
