learning evaluation instances,evaluation time (cpu seconds),model cost (RAM-Hours),classified instances,classifications correct (percent),Kappa Statistic (percent),Kappa Temporal Statistic (percent),Kappa M Statistic (percent),model training instances,model serialized size (bytes),Change detected,Warning detected,tree size (nodes),tree size (leaves),active learning leaves,tree depth,active leaf byte size estimate,inactive leaf byte size estimate,byte size estimate overhead
1000.0,0.143322935,1.320768629251462E-8,1000.0,76.7,65.14725658051208,65.68483063328424,62.72,601.0,12304.0,1.0,0.0,1.0,1.0,1.0,0.0,0.0,0.0,1.0
2000.0,0.323728729,3.1174569369643515E-8,2000.0,78.55,67.90436848478319,68.36283185840708,66.40563821456537,1601.0,12304.0,0.0,0.0,1.0,1.0,1.0,0.0,0.0,0.0,1.0
3000.0,0.41678494,4.064208479467366E-8,3000.0,78.76666666666667,68.23677712489477,68.6977886977887,66.50893796004206,2601.0,12304.0,0.0,0.0,1.0,1.0,1.0,0.0,0.0,0.0,1.0
4000.0,0.487757519,4.801528396794987E-8,4000.0,79.27499999999999,68.99084463103968,69.43215339233039,67.45190420102081,3601.0,12304.0,0.0,0.0,1.0,1.0,1.0,0.0,0.0,0.0,1.0
5000.0,0.555902602,5.524155606657474E-8,5000.0,79.24,68.94279292376795,69.38956060159245,67.14150047483382,4601.0,12304.0,0.0,0.0,1.0,1.0,1.0,0.0,0.0,0.0,1.0
6000.0,0.620508588,6.223092235079036E-8,6000.0,79.51666666666667,69.35295459087878,69.78859390363816,67.79350104821803,5601.0,12304.0,0.0,0.0,1.0,1.0,1.0,0.0,0.0,0.0,1.0
7000.0,0.682988136,6.912510927876458E-8,7000.0,79.47142857142858,69.2880806732722,69.72824942068675,67.693345323741,6601.0,12304.0,0.0,0.0,1.0,1.0,1.0,0.0,0.0,0.0,1.0
8000.0,0.742331745,7.580038347858937E-8,8000.0,79.66250000000001,69.57122736053495,70.00368731563424,68.14800313234143,7601.0,12304.0,0.0,0.0,1.0,1.0,1.0,0.0,0.0,0.0,1.0
9000.0,0.83134007,8.623508007351517E-8,9000.0,79.57777777777778,69.44015460599331,69.88366377191547,68.05700382342718,8601.0,22360.0,0.0,0.0,5.0,3.0,3.0,2.0,0.0,0.0,1.0
10000.0,0.939227266,9.955039563108443E-8,10000.0,79.54,69.35824850190889,69.82300884955752,68.10102899906455,9601.0,36896.0,0.0,0.0,5.0,3.0,3.0,2.0,0.0,0.0,1.0
