learning evaluation instances,evaluation time (cpu seconds),model cost (RAM-Hours),classified instances,classifications correct (percent),Kappa Statistic (percent),Kappa Temporal Statistic (percent),Kappa M Statistic (percent),model training instances,model serialized size (bytes),Change detected,Warning detected
1000.0,0.081666164,6.725852957649363E-9,1000.0,82.8,78.97125419352315,79.25211097708082,76.30853994490357,1000.0,22168.0,0.0,9.0
2000.0,0.168218069,1.3964786535907122E-8,2000.0,83.25,79.55347848736024,79.42260442260442,77.57697456492637,556.0,22168.0,1.0,8.0
3000.0,0.214369837,1.798008659287459E-8,3000.0,85.43333333333332,82.21547438221157,82.17054263565892,80.48235819562305,1556.0,22168.0,0.0,14.0
4000.0,0.268718646,2.252565284480651E-8,4000.0,85.15,81.87984553025896,81.72869886188865,80.26578073089703,546.0,22168.0,1.0,11.0
5000.0,0.307202598,2.5873836919963355E-8,5000.0,86.06,82.98549285022094,82.88730665357231,81.43808255659121,1546.0,22168.0,0.0,14.0
6000.0,0.340798032,2.8683655089288946E-8,6000.0,85.76666666666667,82.63165949510804,82.47126436781608,81.11037381110373,536.0,22168.0,1.0,11.0
7000.0,0.377703539,3.1894511157890986E-8,7000.0,86.32857142857144,83.31607285309873,83.19578577699737,81.84405236198066,1536.0,22168.0,0.0,14.0
8000.0,0.413838147,3.491669798541814E-8,8000.0,86.075,83.00880636483403,82.84570372651679,81.53795160755718,526.0,22168.0,1.0,11.0
9000.0,0.448314158,3.791618283575607E-8,9000.0,86.47777777777777,83.49859371951324,83.36295283663702,82.06337509211497,1526.0,22168.0,0.0,14.0
10000.0,0.483527869,4.0861348687079215E-8,10000.0,86.24000000000001,83.20729714210532,83.03329223181258,81.75308314547142,516.0,22168.0,1.0,11.0
