learning evaluation instances,evaluation time (cpu seconds),model cost (RAM-Hours),classified instances,classifications correct (percent),Kappa Statistic (percent),Kappa Temporal Statistic (percent),Kappa M Statistic (percent),model training instances,model serialized size (bytes),Change detected,Warning detected
1000.0,0.079784487,6.424748658891767E-9,1000.0,81.3,76.94943667874664,76.77018633540372,74.34842249657063,1000.0,22168.0,0.0,1.0
2000.0,0.164877096,1.3503944089977691E-8,2000.0,83.2,79.36992940033726,79.25925925925924,77.25118483412324,2000.0,22168.0,0.0,1.0
3000.0,0.225045017,1.8174585538881106E-8,3000.0,82.96666666666667,79.2125361560169,79.10020449897752,76.70920692798539,1100.0,21848.0,1.0,0.0
4000.0,0.279897497,2.274468120910434E-8,4000.0,84.25,80.76039352935388,80.76923076923077,78.4320438206094,2100.0,21848.0,0.0,1.0
5000.0,0.331593081,2.7008960770610717E-8,5000.0,83.44,79.82493108313416,79.64601769911505,77.72397094430993,911.0,21848.0,2.0,1.0
6000.0,0.370103938,3.021434776681579E-8,6000.0,83.71666666666667,80.17799162613134,79.99180831456071,78.37538733953076,1911.0,21848.0,0.0,1.0
7000.0,0.406976049,3.3286388900290345E-8,7000.0,83.22857142857143,79.61759199731799,79.48628341778787,77.91157102539982,1044.0,21848.0,1.0,1.0
8000.0,0.44592975,3.6310238942886804E-8,8000.0,83.25,79.64464912036688,79.46360153256705,77.98225435425567,171.0,21848.0,1.0,1.0
9000.0,0.481395742,3.925044757651165E-8,9000.0,82.84444444444445,79.22630607424843,78.95023858214043,77.71040854626821,908.0,22168.0,1.0,4.0
10000.0,0.514571624,4.2000801061182804E-8,10000.0,83.65,80.23635840627881,79.9411115200589,78.94669070306463,1908.0,22168.0,0.0,0.0
