learning evaluation instances,evaluation time (cpu seconds),model cost (RAM-Hours),classified instances,classifications correct (percent),Kappa Statistic (percent),Kappa Temporal Statistic (percent),Kappa M Statistic (percent),model training instances,model serialized size (bytes),Change detected,Warning detected
1000.0,0.093420919,7.762200375176553E-9,1000.0,81.3,76.94943667874664,76.77018633540372,74.34842249657063,1000.0,22168.0,0.0,0.0
2000.0,0.176170351,1.497767183539975E-8,2000.0,85.9,82.65307126758069,82.48447204968944,80.86838534599728,2000.0,22168.0,0.0,0.0
3000.0,0.221387956,1.892049452906061E-8,3000.0,87.33333333333333,84.41629383105321,84.25849212924605,82.77425203989121,3000.0,22168.0,0.0,0.0
4000.0,0.292859304,2.5152555091333476E-8,4000.0,88.425,85.7589773038699,85.60323383084577,84.29976263140048,4000.0,22168.0,0.0,0.0
5000.0,0.328793833,2.828592485798109E-8,5000.0,88.84,86.2702154468934,86.12630532073595,84.84107579462103,5000.0,22168.0,0.0,0.0
6000.0,0.356758293,3.072433148088762E-8,6000.0,89.4,86.95709283442982,86.8131868131868,85.62386980108498,6000.0,22168.0,0.0,0.0
7000.0,0.391872254,3.37861504846832E-8,7000.0,89.67142857142856,87.2925539563658,87.15808170515096,85.97750193948795,7000.0,22168.0,0.0,0.0
8000.0,0.433586548,3.7423496271423585E-8,8000.0,90.01249999999999,87.710285437465,87.57000622277535,86.45303492709394,8000.0,22168.0,0.0,0.0
9000.0,0.467706483,4.039863955962369E-8,9000.0,90.17777777777778,87.91534324283289,87.78330569375345,86.66867742421958,9000.0,22168.0,0.0,0.0
10000.0,0.501551866,4.334984283914376E-8,10000.0,90.45,88.25044991549429,88.1233677403308,87.04382037715371,10000.0,22168.0,0.0,0.0
