learning evaluation instances,evaluation time (cpu seconds),model cost (RAM-Hours),classified instances,classifications correct (percent),Kappa Statistic (percent),Kappa Temporal Statistic (percent),Kappa M Statistic (percent),model training instances,model serialized size (bytes),Change detected,Warning detected
1000.0,0.069158119,5.537701199679739E-9,1000.0,72.8,66.30022288933463,66.95018226002429,62.94277929155313,393.0,21848.0,4.0,0.0
2000.0,0.159137434,1.3172604888253329E-8,2000.0,71.45,64.85026891698816,65.64380264741276,61.857047428189716,273.0,21848.0,6.0,0.0
3000.0,0.210005566,1.748380237430127E-8,3000.0,71.2,64.44594171411437,65.31513448414292,61.359570661896235,57.0,21848.0,7.0,0.0
4000.0,0.265298175,2.203243546284735E-8,4000.0,70.8,63.97702579305095,64.91438870531691,61.066666666666656,1.0,12232.0,7.0,0.0
5000.0,0.305866683,2.5474241203963755E-8,5000.0,70.86,63.994576599697226,64.97596153846153,61.042780748663105,233.0,21848.0,5.0,0.0
6000.0,0.341826979,2.8527768497450484E-8,6000.0,71.23333333333333,64.49424058251388,65.4730946189238,61.65296600755388,433.0,21848.0,5.0,0.0
7000.0,0.380197023,3.178258152248959E-8,7000.0,71.28571428571429,64.54682284979694,65.51724137931035,61.655856543304076,217.0,21848.0,6.0,0.0
8000.0,0.417114748,3.491496283716005E-8,8000.0,71.175,64.43158607034637,65.42210226420751,61.60506160506161,97.0,22168.0,7.0,0.0
9000.0,0.453228352,3.797747209388556E-8,9000.0,71.22222222222221,64.46541091910693,65.45745532141905,61.59549228944247,169.0,21848.0,6.0,0.0
10000.0,0.489003646,4.1014845910194434E-8,10000.0,71.04,64.25545608495194,65.23826671468012,61.412391738840775,401.0,21848.0,6.0,0.0
