learning evaluation instances,evaluation time (cpu seconds),model cost (RAM-Hours),classified instances,classifications correct (percent),Kappa Statistic (percent),Kappa Temporal Statistic (percent),Kappa M Statistic (percent),model training instances,model serialized size (bytes),Change detected,Warning detected
1000.0,0.081231692,6.6561110103792605E-9,1000.0,83.7,80.02693300690234,79.65043695380774,78.4676354029062,1000.0,22168.0,0.0,19.0
2000.0,0.172565117,1.4518760757239327E-8,2000.0,84.55,81.0764615065219,81.04294478527609,79.65766951942066,435.0,21848.0,1.0,16.0
3000.0,0.223198302,1.8749372083246707E-8,3000.0,84.5,81.01731928079725,80.92698933552091,79.62313759859771,450.0,21848.0,1.0,7.0
4000.0,0.291918771,2.4665333060150344E-8,4000.0,85.3,81.99201676702494,81.99632578077158,80.6769635228393,1450.0,21848.0,0.0,23.0
5000.0,0.330106013,2.7971896239668132E-8,5000.0,85.38,82.0868492282201,82.06134969325156,80.79852902547938,483.0,22168.0,1.0,15.0
6000.0,0.363225217,3.0859025178245375E-8,6000.0,85.08333333333333,81.71592284691457,81.73842073046316,80.39859833552343,415.0,21848.0,1.0,19.0
7000.0,0.404043443,3.426955622074505E-8,7000.0,84.95714285714286,81.56409507094286,81.56512605042016,80.24760832864376,430.0,21848.0,1.0,9.0
8000.0,0.44365801,3.7712826697209646E-8,8000.0,85.3125,81.99822602092848,82.03089157363512,80.70607553366175,1430.0,21848.0,0.0,22.0
9000.0,0.482490213,4.096063202528904E-8,9000.0,85.36666666666667,82.06458438302094,82.07675557974959,80.79054842473747,463.0,22168.0,1.0,15.0
10000.0,0.517452407,4.398504990085546E-8,10000.0,85.13,81.77328104205743,81.81262230919765,80.48556430446193,396.0,21848.0,1.0,22.0
