learning evaluation instances,evaluation time (cpu seconds),model cost (RAM-Hours),classified instances,classifications correct (percent),Kappa Statistic (percent),Kappa Temporal Statistic (percent),Kappa M Statistic (percent),model training instances,model serialized size (bytes),Change detected,Warning detected
1000.0,0.074885198,6.111128136387302E-9,1000.0,85.2,81.85031167184383,81.54613466334163,80.50065876152831,1000.0,22168.0,0.0,0.0
2000.0,0.159182659,1.3592254924027043E-8,2000.0,88.35,85.70263568536227,85.55486670799752,84.45630420280186,2000.0,22168.0,0.0,0.0
3000.0,0.21855033,1.89884801915288E-8,3000.0,89.8,87.50950733306212,87.30817088345086,86.47214854111405,3000.0,22168.0,0.0,0.0
4000.0,0.261421461,2.2977350168954582E-8,4000.0,90.5,88.3575667008025,88.20242160819622,87.34177215189874,4000.0,22168.0,0.0,0.0
5000.0,0.293951174,2.6074104807999815E-8,5000.0,90.96,88.93520165227794,88.76181004475386,87.99468791500664,5000.0,22168.0,0.0,0.0
6000.0,0.326788537,2.927048603496618E-8,6000.0,91.25,89.28281627174695,89.1304347826087,88.34628190899001,6000.0,22168.0,0.0,0.0
7000.0,0.363799571,3.295302339235942E-8,7000.0,91.52857142857142,89.63377715467786,89.47088068181817,88.74762808349146,7000.0,22168.0,0.0,0.0
8000.0,0.398848125,3.651537267103378E-8,8000.0,91.7,89.83855254312891,89.69104176370129,88.95542248835663,8000.0,22168.0,0.0,0.0
9000.0,0.433193758,4.0079846559183474E-8,9000.0,91.87777777777778,90.06220975126975,89.90749689355239,89.2055522740697,9000.0,22168.0,0.0,0.0
10000.0,0.466860949,4.3646862743643844E-8,10000.0,92.0,90.20747951735211,90.05469915464943,89.34469898774641,10000.0,22168.0,0.0,0.0
