learning evaluation instances,evaluation time (cpu seconds),model cost (RAM-Hours),classified instances,classifications correct (percent),Kappa Statistic (percent),Kappa Temporal Statistic (percent),Kappa M Statistic (percent),model training instances,model serialized size (bytes),Change detected,Warning detected
1000.0,0.071572358,5.933209425231649E-9,1000.0,80.9,76.7113215898242,76.62178702570381,74.96723460026213,265.0,22168.0,1.0,7.0
2000.0,0.158860984,1.3226533947226901E-8,2000.0,83.65,80.03483219642794,80.28933092224231,78.33001988071571,15.0,21848.0,1.0,13.0
3000.0,0.20486967,1.724481118586742E-8,3000.0,84.8,81.43899106262997,81.65728077232501,79.94722955145119,1015.0,21848.0,0.0,12.0
4000.0,0.257404833,2.185483911998156E-8,4000.0,84.175,80.66022567652928,80.99669768838187,79.01889294000662,739.0,21848.0,1.0,22.0
5000.0,0.30360358,2.5889715784875053E-8,5000.0,84.42,80.96029804197073,81.25150421179302,79.40243257535695,906.0,21848.0,1.0,12.0
6000.0,0.336959669,2.88251084849466E-8,6000.0,84.08333333333333,80.5384537736991,80.90381923615276,78.89502762430939,729.0,21848.0,1.0,20.0
7000.0,0.377931371,3.23591209057822E-8,7000.0,84.27142857142857,80.77069948620318,81.10195674562307,79.18321043675553,896.0,21848.0,1.0,12.0
8000.0,0.418777551,3.588230643182372E-8,8000.0,84.05,80.49415892926692,80.87529976019184,78.85666942833471,719.0,21848.0,1.0,19.0
9000.0,0.459012519,3.938974400355791E-8,9000.0,84.1888888888889,80.66504748454186,81.01147584734456,79.06737275669315,886.0,21848.0,1.0,12.0
10000.0,0.499159686,4.291270940000191E-8,10000.0,84.0,80.43055422578453,80.81304712795298,78.80233174350822,709.0,21848.0,1.0,21.0
