learning evaluation instances,evaluation time (cpu seconds),model cost (RAM-Hours),classified instances,classifications correct (percent),Kappa Statistic (percent),Kappa Temporal Statistic (percent),Kappa M Statistic (percent),model training instances,model serialized size (bytes),Change detected,Warning detected
1000.0,0.079134412,6.393200214604536E-9,1000.0,76.5,71.37525457752312,71.54963680387408,69.16010498687665,401.0,21848.0,2.0,0.0
2000.0,0.164329922,1.3381334962658584E-8,2000.0,77.9,73.02740799798377,73.37349397590361,70.80581241743725,1.0,10616.0,3.0,0.0
3000.0,0.213406316,1.7570437964461745E-8,3000.0,76.23333333333333,70.9775793320203,71.26158806932688,68.94599303135888,201.0,21848.0,3.0,0.0
4000.0,0.26509771,2.1810408199826877E-8,4000.0,77.05,71.95323277946059,72.3076923076923,69.90163934426229,1.0,10616.0,3.0,0.0
5000.0,0.310411835,2.5678368365392088E-8,5000.0,75.92,70.57263885021726,70.89678510998307,68.54754440961337,201.0,21848.0,3.0,0.0
6000.0,0.345121993,2.853996903248545E-8,6000.0,76.38333333333334,71.13843692129205,71.49466908066788,69.0948745910578,1.0,12232.0,3.0,0.0
7000.0,0.387031041,3.2117275848864676E-8,7000.0,75.78571428571429,70.42025451445127,70.73549723756906,68.38866094740769,201.0,21848.0,3.0,0.0
8000.0,0.428028178,3.547318035729643E-8,8000.0,76.2375,70.97245926180872,71.30999094476306,68.93283216211799,1.0,9968.0,3.0,0.0
9000.0,0.468242037,3.8905787843718295E-8,9000.0,75.91111111111111,70.58291509622019,70.89151450053706,68.56604320719153,201.0,21848.0,3.0,0.0
10000.0,0.504203867,4.187958542887121E-8,10000.0,76.19,70.91902287721447,71.22658610271904,68.88395190799791,1.0,13200.0,3.0,0.0
