learning evaluation instances,evaluation time (cpu seconds),model cost (RAM-Hours),classified instances,classifications correct (percent),Kappa Statistic (percent),Kappa Temporal Statistic (percent),Kappa M Statistic (percent),model training instances,model serialized size (bytes),Change detected,Warning detected
1000.0,0.078397009,6.2241067121612525E-9,1000.0,67.30000000000001,59.51331788978956,60.74429771908763,54.95867768595042,9.0,19600.0,7.0,0.0
2000.0,0.176173122,1.4522606052180959E-8,2000.0,67.45,59.916150251016646,60.4735883424408,55.953991880920164,145.0,22168.0,7.0,0.0
3000.0,0.240771763,2.0002043043679246E-8,3000.0,68.73333333333333,61.46349432983388,62.03966005665723,57.46031746031747,25.0,22168.0,6.0,0.0
4000.0,0.292593743,2.4406737085578753E-8,4000.0,70.1,63.219937623043876,63.59208523592085,59.56727518593643,385.0,22168.0,4.0,0.0
5000.0,0.329593325,2.7544379132325863E-8,5000.0,70.28,63.3681610254785,63.835483085908976,59.663409337676434,105.0,21848.0,6.0,0.0
6000.0,0.364511301,3.0510988880149603E-8,6000.0,71.26666666666667,64.63374160551393,64.97358797236896,61.136158701532906,241.0,22168.0,3.0,0.0
7000.0,0.407040042,3.411698708419584E-8,7000.0,71.35714285714285,64.70450008947729,65.10616080751826,61.17350890782338,121.0,21848.0,5.0,0.0
8000.0,0.449145932,3.768870045525332E-8,8000.0,70.9875,64.26453092452766,64.63507542282493,60.78066914498142,225.0,21848.0,6.0,0.0
9000.0,0.490554148,4.120277485921151E-8,9000.0,70.77777777777777,63.98151745121348,64.37762427197615,60.40945356013848,265.0,21848.0,6.0,0.0
10000.0,0.526090512,4.4219421897961034E-8,10000.0,71.35000000000001,64.72748646874359,65.07801072647489,61.24188311688311,337.0,21848.0,3.0,0.0
