learning evaluation instances,evaluation time (cpu seconds),model cost (RAM-Hours),classified instances,classifications correct (percent),Kappa Statistic (percent),Kappa Temporal Statistic (percent),Kappa M Statistic (percent),model training instances,model serialized size (bytes),Change detected,Warning detected
1000.0,0.080239645,6.461400843546209E-9,1000.0,83.2,79.43776987927032,79.31034482758619,76.85950413223141,1000.0,22168.0,0.0,1.0
2000.0,0.163897659,1.3421246562726382E-8,2000.0,87.35000000000001,84.53141498422877,84.57317073170731,82.89384719405002,2000.0,22168.0,0.0,0.0
3000.0,0.220846319,1.8159033997102328E-8,3000.0,88.66666666666667,86.13666879645491,86.12811097511221,84.65011286681717,3000.0,22168.0,0.0,0.0
4000.0,0.25791999,2.1243341382210038E-8,4000.0,89.5,87.16234777734773,87.17557251908397,85.85858585858585,4000.0,22168.0,0.0,0.0
5000.0,0.289471037,2.386819952668622E-8,5000.0,89.9,87.64843765210153,87.64374847076095,86.3734484619536,5000.0,22168.0,0.0,0.0
6000.0,0.32073629,2.646928132204339E-8,6000.0,90.23333333333333,88.06013859611815,88.06517311608961,86.86687584043028,6000.0,22168.0,0.0,0.0
7000.0,0.357386216,2.9518335661049934E-8,7000.0,90.44285714285715,88.31412033810946,88.30828381684726,87.12718876274775,7000.0,22168.0,0.0,0.0
8000.0,0.395932004,3.2725114363736164E-8,8000.0,90.6125,88.5237228859582,88.52383863080682,87.38239247311827,8000.0,22168.0,0.0,0.0
9000.0,0.433872181,3.588150985835534E-8,9000.0,90.72222222222223,88.65611645747077,88.6518075564012,87.51308509047406,9000.0,22168.0,0.0,0.0
10000.0,0.467750843,3.870001163025076E-8,10000.0,90.83,88.789629500189,88.79384088964927,87.67141704759344,10000.0,22168.0,0.0,0.0
