learning evaluation instances,evaluation time (cpu seconds),model cost (RAM-Hours),classified instances,classifications correct (percent),Kappa Statistic (percent),Kappa Temporal Statistic (percent),Kappa M Statistic (percent),model training instances,model serialized size (bytes),Change detected,Warning detected
1000.0,0.07400232,6.1070805415511124E-9,1000.0,86.1,82.90570961596877,82.92383292383292,81.41711229946524,1000.0,22168.0,0.0,6.0
2000.0,0.160127118,1.3521333551257848E-8,2000.0,85.3,81.94311158880657,82.01834862385321,80.28169014084507,913.0,21848.0,1.0,14.0
3000.0,0.206176219,1.7504828529237874E-8,3000.0,87.56666666666668,84.7358400021389,84.7692935892201,83.32588287885561,1913.0,21848.0,0.0,13.0
4000.0,0.270391861,2.3032981024512815E-8,4000.0,86.85000000000001,83.85886634619663,83.91437308868502,82.3489932885906,903.0,21848.0,1.0,15.0
5000.0,0.305735329,2.6090381152311135E-8,5000.0,87.92,85.17572411924412,85.2141982864137,83.79828326180258,1903.0,21848.0,0.0,12.0
6000.0,0.339702609,2.904293398745772E-8,6000.0,87.41666666666667,84.55785613955608,84.60754332313965,83.10584023271426,893.0,21848.0,1.0,13.0
7000.0,0.375994402,3.218236932968928E-8,7000.0,88.08571428571429,85.38161021087765,85.41958041958043,84.0199271891167,1893.0,21848.0,0.0,14.0
8000.0,0.411905376,3.5309746137224143E-8,8000.0,87.7,84.90728795468138,84.95412844036697,83.4871622755496,883.0,21848.0,1.0,12.0
9000.0,0.446635105,3.8314054539642407E-8,9000.0,88.15555555555555,85.46693580960346,85.50645819170632,84.10852713178294,1883.0,21848.0,0.0,15.0
10000.0,0.481664469,4.134428298157951E-8,10000.0,87.79,85.01676741530513,85.07882194794085,83.60193392425465,873.0,21848.0,1.0,10.0
