learning evaluation instances,evaluation time (cpu seconds),model cost (RAM-Hours),classified instances,classifications correct (percent),Kappa Statistic (percent),Kappa Temporal Statistic (percent),Kappa M Statistic (percent),model training instances,model serialized size (bytes),Change detected,Warning detected
1000.0,0.084108337,6.988432269831084E-9,1000.0,81.39999999999999,77.33349256757907,77.67106842737094,75.99999999999999,1000.0,22168.0,0.0,0.0
2000.0,0.1733575,1.4770658357803608E-8,2000.0,86.2,83.09998349799112,83.18098720292505,81.78217821782177,2000.0,22168.0,0.0,0.0
3000.0,0.220384754,1.887127634258527E-8,3000.0,87.86666666666667,85.17563613083018,85.26912181303116,84.11867364746946,3000.0,22168.0,0.0,0.0
4000.0,0.280932112,2.4150801809792305E-8,4000.0,88.925,86.44584303490731,86.48978347057029,85.38436159683272,4000.0,22168.0,0.0,0.0
5000.0,0.318467223,2.742373693008183E-8,5000.0,89.42,87.06789156468636,87.12895377128953,86.10454426057262,5000.0,22168.0,0.0,0.0
6000.0,0.350653861,3.023030323847094E-8,6000.0,89.88333333333334,87.62224772164564,87.65507423225544,86.65640800175863,6000.0,22168.0,0.0,0.0
7000.0,0.388921148,3.356708163724798E-8,7000.0,90.12857142857142,87.93287234261243,87.98678720445062,87.02591062711228,7000.0,22168.0,0.0,0.0
8000.0,0.428052093,3.697916810158847E-8,8000.0,90.3875,88.23960564752029,88.27028676021965,87.32069249793899,8000.0,22168.0,0.0,0.0
9000.0,0.46652046,4.0333479998374566E-8,9000.0,90.5111111111111,88.39972308451635,88.44384303112314,87.52009352623118,9000.0,22168.0,0.0,0.0
10000.0,0.503557059,4.3562946553120595E-8,10000.0,90.72,88.64759912685847,88.671875,87.75564058582927,10000.0,22168.0,0.0,0.0
