learning evaluation instances,evaluation time (cpu seconds),model cost (RAM-Hours),classified instances,classifications correct (percent),Kappa Statistic (percent),Kappa Temporal Statistic (percent),Kappa M Statistic (percent),model training instances,model serialized size (bytes),Change detected,Warning detected
1000.0,0.073089164,5.811327659736076E-9,1000.0,85.2,81.85031167184383,81.54613466334163,80.50065876152831,1000.0,22168.0,0.0,0.0
2000.0,0.16781633,1.3732250346181294E-8,2000.0,88.35,85.70263568536227,85.55486670799752,84.45630420280186,2000.0,22168.0,0.0,0.0
3000.0,0.225457421,1.855209923064336E-8,3000.0,89.8,87.50950733306212,87.30817088345086,86.47214854111405,3000.0,22168.0,0.0,0.0
4000.0,0.280756166,2.317608517151326E-8,4000.0,90.5,88.3575667008025,88.20242160819622,87.34177215189874,4000.0,22168.0,0.0,0.0
5000.0,0.328226884,2.7145504959159428E-8,5000.0,90.96,88.93520165227794,88.76181004475386,87.99468791500664,5000.0,22168.0,0.0,0.0
6000.0,0.357365185,2.9581999569748426E-8,6000.0,91.25,89.28281627174695,89.1304347826087,88.34628190899001,6000.0,22168.0,0.0,0.0
7000.0,0.390368154,3.23416510711155E-8,7000.0,91.52857142857142,89.63377715467786,89.47088068181817,88.74762808349146,7000.0,22168.0,0.0,0.0
8000.0,0.424418538,3.518888561318732E-8,8000.0,91.7,89.83855254312891,89.69104176370129,88.95542248835663,8000.0,22168.0,0.0,0.0
9000.0,0.461825339,3.8316777971629055E-8,9000.0,91.87777777777778,90.06220975126975,89.90749689355239,89.2055522740697,9000.0,22168.0,0.0,0.0
10000.0,0.495149059,4.1103250119911716E-8,10000.0,92.0,90.20747951735211,90.05469915464943,89.34469898774641,10000.0,22168.0,0.0,0.0
