learning evaluation instances,evaluation time (cpu seconds),model cost (RAM-Hours),classified instances,classifications correct (percent),Kappa Statistic (percent),Kappa Temporal Statistic (percent),Kappa M Statistic (percent),model training instances,model serialized size (bytes),Change detected,Warning detected
1000.0,0.070474444,6.010072801394594E-9,1000.0,77.5,72.4814066037286,72.92418772563177,69.55345060893099,770.0,21848.0,3.0,14.0
2000.0,0.164621277,1.4433495859485119E-8,2000.0,80.4,75.94259608846252,76.22801697998788,73.49560513860717,921.0,22168.0,1.0,14.0
3000.0,0.214864179,1.8966218700775255E-8,3000.0,83.66666666666667,79.9599280356926,80.23396530859218,77.97752808988764,1921.0,22168.0,0.0,2.0
4000.0,0.267882132,2.3749296050916115E-8,4000.0,85.8,82.57333809703,82.77221716712162,80.8496291301416,2921.0,22168.0,0.0,0.0
5000.0,0.302511591,2.6824626849927008E-8,5000.0,87.08,84.15042007029854,84.3583535108959,82.60166980877996,3921.0,22168.0,0.0,1.0
6000.0,0.335743215,2.9775820421514412E-8,6000.0,87.93333333333334,85.19663076133993,85.36486759652314,83.7449483610238,4921.0,22168.0,0.0,0.0
7000.0,0.37624394,3.337255945733852E-8,7000.0,88.57142857142857,85.98375236574236,86.15437867774315,84.62129950019222,5921.0,22168.0,0.0,1.0
8000.0,0.41586821,3.6891463345479634E-8,8000.0,89.0125,86.52189433165157,86.67576170986813,85.19952854015828,6921.0,22168.0,0.0,0.0
9000.0,0.455279587,4.039146089148604E-8,9000.0,89.38888888888889,86.98711007772397,87.14324178782982,85.72069377990431,7921.0,22168.0,0.0,1.0
10000.0,0.491634585,4.362003125544637E-8,10000.0,89.64,87.29431928156586,87.43480897513645,86.05465069322923,8921.0,22168.0,0.0,0.0
