learning evaluation instances,evaluation time (cpu seconds),model cost (RAM-Hours),classified instances,classifications correct (percent),Kappa Statistic (percent),Kappa Temporal Statistic (percent),Kappa M Statistic (percent),model training instances,model serialized size (bytes),Change detected,Warning detected
1000.0,0.08151627,6.107176703711351E-9,1000.0,85.5,82.31797883523039,82.57211538461539,81.04575163398692,1000.0,22168.0,0.0,0.0
2000.0,0.169391389,1.2928638477813866E-8,2000.0,83.25,79.56362544944773,79.78273989136994,77.69640479360852,62.0,21848.0,2.0,4.0
3000.0,0.234898693,1.83051081419405E-8,3000.0,81.33333333333333,77.3499983416963,77.30036481556547,75.00000000000001,978.0,21848.0,1.0,4.0
4000.0,0.289386056,2.27771232663571E-8,4000.0,82.425,78.62040808258058,78.48837209302327,76.37768817204301,1978.0,21848.0,0.0,0.0
5000.0,0.326952885,2.5696424854221855E-8,5000.0,81.12,77.04696458507114,76.90802348336595,74.86687965921193,715.0,22168.0,3.0,1.0
6000.0,0.359697119,2.8427258008596382E-8,6000.0,82.36666666666666,78.60118422287023,78.46967846967848,76.89956331877728,1715.0,22168.0,0.0,1.0
7000.0,0.398775933,3.167021263063575E-8,7000.0,82.04285714285714,78.25351854807548,78.10104529616723,76.66604789307591,1050.0,22168.0,1.0,2.0
8000.0,0.433174439,3.453616259921963E-8,8000.0,82.075,78.31849168066616,78.09014514896867,76.85603615235635,2050.0,22168.0,0.0,1.0
9000.0,0.467408658,3.738559075938331E-8,9000.0,81.4888888888889,77.64748767242695,77.42241496137689,76.27794389861883,1107.0,21848.0,1.0,5.0
10000.0,0.500261066,4.012000618403157E-8,10000.0,82.35,78.70385457095156,78.48348165305377,77.51592356687898,2107.0,21848.0,0.0,0.0
