learning evaluation instances,evaluation time (cpu seconds),model cost (RAM-Hours),classified instances,classifications correct (percent),Kappa Statistic (percent),Kappa Temporal Statistic (percent),Kappa M Statistic (percent),model training instances,model serialized size (bytes),Change detected,Warning detected
1000.0,0.080744575,6.919333240327735E-9,1000.0,78.2,73.33264830044564,73.70325693606755,69.97245179063361,834.0,22168.0,2.0,16.0
2000.0,0.166149467,1.4553534824860592E-8,2000.0,84.3,80.83384376958007,80.71253071253071,78.9825970548862,1834.0,22168.0,0.0,2.0
3000.0,0.21350879,1.8786906125055006E-8,3000.0,86.26666666666667,83.22916464550512,83.19053447572419,81.59892809289862,2834.0,22168.0,0.0,0.0
4000.0,0.27759823,2.4451955045500977E-8,4000.0,87.45,84.68766302243723,84.55859735466011,83.32225913621262,3834.0,22168.0,0.0,3.0
5000.0,0.311894512,2.7446379085483235E-8,5000.0,87.98,85.32861127811377,85.24429167689664,83.99467376830893,4834.0,22168.0,0.0,6.0
6000.0,0.34563002,3.0397497046724376E-8,6000.0,87.81666666666666,85.13318459964692,84.99589490968799,83.83101083831009,193.0,21848.0,1.0,4.0
7000.0,0.381716974,3.357530172404936E-8,7000.0,87.88571428571429,85.21376791504215,85.10974539069359,83.91197116296718,1193.0,21848.0,0.0,7.0
8000.0,0.416944974,3.672135786782329E-8,8000.0,88.2625,85.6769923438071,85.54049892208192,84.43818362611866,2193.0,21848.0,0.0,2.0
9000.0,0.451901604,3.983731910097723E-8,9000.0,88.47777777777777,85.9376186555803,85.82365003417634,84.71628592483421,3193.0,21848.0,0.0,1.0
10000.0,0.486534564,4.29244290640764E-8,10000.0,88.75,86.27052288341378,86.12823674475955,85.0815541705344,4193.0,21848.0,0.0,0.0
