learning evaluation instances,evaluation time (cpu seconds),model cost (RAM-Hours),classified instances,classifications correct (percent),Kappa Statistic (percent),Kappa Temporal Statistic (percent),Kappa M Statistic (percent),model training instances,model serialized size (bytes),Change detected,Warning detected
1000.0,0.082356828,6.817164712250233E-9,1000.0,85.7,82.52235427554547,82.79181708784597,81.05960264900662,1000.0,22168.0,0.0,8.0
2000.0,0.169962985,1.4504717351429992E-8,2000.0,85.39999999999999,82.18096451021756,82.47298919567827,80.70059484467946,812.0,21848.0,1.0,12.0
3000.0,0.218980919,1.8745032356058558E-8,3000.0,87.46666666666667,84.70701114395217,84.89959839357431,83.47978910369069,1812.0,21848.0,0.0,14.0
4000.0,0.281493738,2.4230612401374512E-8,4000.0,86.875,83.98641193674206,84.21052631578947,82.67898383371825,802.0,21848.0,1.0,15.0
5000.0,0.316215652,2.723424476424853E-8,5000.0,87.83999999999999,85.16634818230675,85.34233365477338,83.97469688982603,1802.0,21848.0,0.0,14.0
6000.0,0.349409099,3.014701231194867E-8,6000.0,87.38333333333334,84.60904118189552,84.80834838450733,83.36263736263736,792.0,21848.0,1.0,15.0
7000.0,0.387071159,3.340498312163684E-8,7000.0,87.9857142857143,85.34633247476499,85.5174789047701,84.17090156220591,1792.0,21848.0,0.0,14.0
8000.0,0.42311619,3.65140457440147E-8,8000.0,87.6375,84.92112415763792,85.10990665462211,83.70406986323941,782.0,21848.0,1.0,15.0
9000.0,0.458067672,3.953753697395118E-8,9000.0,88.07777777777778,85.46062689735845,85.62818108759708,84.29909277143693,1782.0,21848.0,0.0,14.0
10000.0,0.49318246,4.261011113298229E-8,10000.0,87.75,85.0606682603336,85.2604981350018,83.86246871294954,772.0,21848.0,1.0,16.0
