learning evaluation instances,evaluation time (cpu seconds),model cost (RAM-Hours),classified instances,classifications correct (percent),Kappa Statistic (percent),Kappa Temporal Statistic (percent),Kappa M Statistic (percent),model training instances,model serialized size (bytes),Change detected,Warning detected
1000.0,0.120977753,9.587156979828659E-9,1000.0,80.5,76.19806142364888,76.42079806529627,73.433242506812,1000.0,22168.0,0.0,0.0
2000.0,0.297259679,2.428121449156561E-8,2000.0,92.2,90.54591292543392,90.49939098660172,89.98716302952504,2000.0,22168.0,0.0,0.0
3000.0,0.412372166,3.3876466498836464E-8,3000.0,93.10000000000001,91.56528712251605,91.63636363636364,90.67567567567568,3000.0,22168.0,0.0,0.0
4000.0,0.49107791,4.0437018423144605E-8,4000.0,93.10000000000001,91.63282406739336,91.6565900846433,91.09677419354838,4000.0,22168.0,0.0,0.0
5000.0,0.563941884,4.6510627038526455E-8,5000.0,92.9,91.32854082547406,91.36253041362531,90.58355437665783,5000.0,22168.0,0.0,0.0
6000.0,0.630002852,5.2017168095225676E-8,6000.0,93.60000000000001,92.1908078487262,92.23300970873785,91.59001314060447,6000.0,22168.0,0.0,0.0
7000.0,0.675872589,5.584066020709566E-8,7000.0,91.8,89.97545208266095,90.07263922518159,88.97849462365592,7000.0,22168.0,0.0,0.0
8000.0,0.721777515,5.966708551354499E-8,8000.0,93.0,91.51571713400925,91.49453219927098,90.93264248704664,8000.0,22168.0,0.0,0.0
9000.0,0.757893199,6.26775242454869E-8,9000.0,93.0,91.44278339362096,91.49453219927098,90.74074074074075,9000.0,22168.0,0.0,0.0
10000.0,0.790305671,6.537928011163034E-8,10000.0,93.5,92.04969794967826,92.04406364749083,91.39072847682121,10000.0,22168.0,0.0,0.0
