learning evaluation instances,evaluation time (cpu seconds),model cost (RAM-Hours),classified instances,classifications correct (percent),Kappa Statistic (percent),Kappa Temporal Statistic (percent),Kappa M Statistic (percent),model training instances,model serialized size (bytes),Change detected,Warning detected
1000.0,0.078388901,6.2641837642672994E-9,1000.0,71.1,64.33507750024681,64.18835192069393,60.945945945945944,41.0,21848.0,5.0,0.0
2000.0,0.178157891,1.4736779059142703E-8,2000.0,72.35000000000001,65.96141760539497,66.11519607843138,63.13333333333334,209.0,22168.0,4.0,0.0
3000.0,0.229517843,1.9096674942444595E-8,3000.0,74.03333333333333,68.06115639387085,67.92918896665294,65.46985815602837,25.0,21848.0,4.0,0.0
4000.0,0.311540945,2.605036871816549E-8,4000.0,71.15,64.5179039305338,64.51414514145142,61.6993030202456,65.0,21848.0,9.0,0.0
5000.0,0.347980061,2.914168870790137E-8,5000.0,71.56,65.02969917966855,64.88021733761423,62.26114649681528,41.0,22168.0,5.0,0.0
6000.0,0.384153599,3.22079329240529E-8,6000.0,70.88333333333333,64.16407806090807,64.16410256410256,61.4178445229682,81.0,21848.0,6.0,0.0
7000.0,0.42117472,3.535966058292529E-8,7000.0,71.98571428571428,65.5379913205547,65.40836126300935,62.88093886049594,729.0,22168.0,2.0,0.0
8000.0,0.462067236,3.8826416009741104E-8,8000.0,71.42500000000001,64.84921933475918,64.79285384259973,62.1648460774578,129.0,21848.0,7.0,0.0
9000.0,0.499148217,4.1972802694423323E-8,9000.0,71.67777777777778,65.16297126796276,65.03908928816348,62.520217615056595,233.0,21848.0,4.0,0.0
10000.0,0.538751544,4.533321488907146E-8,10000.0,71.46000000000001,64.88261534298223,64.79151245990624,62.22869242985707,209.0,21848.0,6.0,0.0
