learning evaluation instances,evaluation time (cpu seconds),model cost (RAM-Hours),classified instances,classifications correct (percent),Kappa Statistic (percent),Kappa Temporal Statistic (percent),Kappa M Statistic (percent),model training instances,model serialized size (bytes),Change detected,Warning detected
1000.0,0.080582846,6.4890375464616545E-9,1000.0,81.3,76.94943667874664,76.77018633540372,74.34842249657063,1000.0,22168.0,0.0,1.0
2000.0,0.165760071,1.3575272521964378E-8,2000.0,85.9,82.65307126758069,82.48447204968944,80.86838534599728,2000.0,22168.0,0.0,0.0
3000.0,0.225671768,1.8559566888482206E-8,3000.0,87.33333333333333,84.41629383105321,84.25849212924605,82.77425203989121,3000.0,22168.0,0.0,0.0
4000.0,0.281138976,2.3174106389188932E-8,4000.0,88.425,85.7589773038699,85.60323383084577,84.29976263140048,4000.0,22168.0,0.0,0.0
5000.0,0.32246106,2.6611856291248567E-8,5000.0,88.84,86.2702154468934,86.12630532073595,84.84107579462103,5000.0,22168.0,0.0,0.0
6000.0,0.353250654,2.9173366106628544E-8,6000.0,89.4,86.95709283442982,86.8131868131868,85.62386980108498,6000.0,22168.0,0.0,0.0
7000.0,0.389627925,3.2199737182623813E-8,7000.0,89.67142857142856,87.2925539563658,87.15808170515096,85.97750193948795,7000.0,22168.0,0.0,0.0
8000.0,0.427971666,3.5389706785012454E-8,8000.0,90.01249999999999,87.710285437465,87.57000622277535,86.45303492709394,8000.0,22168.0,0.0,0.0
9000.0,0.465669559,3.8525945701921985E-8,9000.0,90.17777777777778,87.91534324283289,87.78330569375345,86.66867742421958,9000.0,22168.0,0.0,0.0
10000.0,0.499411068,4.133303716565587E-8,10000.0,90.45,88.25044991549429,88.1233677403308,87.04382037715371,10000.0,22168.0,0.0,0.0
