learning evaluation instances,evaluation time (cpu seconds),model cost (RAM-Hours),classified instances,classifications correct (percent),Kappa Statistic (percent),Kappa Temporal Statistic (percent),Kappa M Statistic (percent),model training instances,model serialized size (bytes),Change detected,Warning detected
1000.0,0.078984087,6.070633809845894E-9,1000.0,74.4,68.45153737137224,68.27757125154893,65.4054054054054,1.0,9968.0,3.0,0.0
2000.0,0.162465796,1.3203444814671658E-8,2000.0,72.65,66.35021307943227,66.4828431372549,63.53333333333334,201.0,22168.0,3.0,0.0
3000.0,0.210793683,1.7167524452726874E-8,3000.0,73.73333333333333,67.70727822488382,67.55866611774393,65.0709219858156,1.0,10616.0,4.0,0.0
4000.0,0.282182798,2.3023194019871038E-8,4000.0,74.5,68.62002643762773,68.63468634686349,66.14669764354464,1.0,10616.0,3.0,0.0
5000.0,0.327529543,2.6761704105089108E-8,5000.0,75.18,69.4602341240959,69.350456902939,67.0647558386412,1.0,12232.0,3.0,0.0
6000.0,0.36294684,2.96667966838864E-8,6000.0,75.26666666666667,69.55177504534065,69.55897435897437,67.22614840989401,1.0,10616.0,3.0,0.0
7000.0,0.401533055,3.296366473179103E-8,7000.0,74.77142857142857,68.9499980433626,68.8481213617922,66.57202347151241,201.0,22168.0,3.0,0.0
8000.0,0.438837033,3.601725815595231E-8,8000.0,75.175,69.44857680902383,69.41321423071,67.13008937437934,1.0,9968.0,3.0,0.0
9000.0,0.474032686,3.908182995921415E-8,9000.0,76.16666666666667,70.68597461534473,70.58016732958443,68.46052051168947,1001.0,21848.0,0.0,0.0
10000.0,0.509247907,4.222375672074449E-8,10000.0,77.78,72.68212166822391,72.58820626696276,70.59290629962945,2001.0,21848.0,0.0,0.0
