learning evaluation instances,evaluation time (cpu seconds),model cost (RAM-Hours),classified instances,classifications correct (percent),Kappa Statistic (percent),Kappa Temporal Statistic (percent),Kappa M Statistic (percent),model training instances,model serialized size (bytes),Change detected,Warning detected
1000.0,0.069064856,5.17432016465399E-9,1000.0,82.3,78.19708358277347,77.79171894604767,76.11336032388664,1000.0,22168.0,0.0,0.0
2000.0,0.15326689,1.2179425089582801E-8,2000.0,84.65,81.19129555213964,80.96714197148171,79.45113788487282,2000.0,22168.0,0.0,1.0
3000.0,0.202486137,1.622711028639641E-8,3000.0,83.56666666666666,80.00939382778209,79.86933442221314,77.99107142857144,848.0,21848.0,2.0,2.0
4000.0,0.265650211,2.113033341930144E-8,4000.0,83.75,80.1562905818168,79.98768472906403,77.94367153036987,210.0,21848.0,1.0,1.0
5000.0,0.307428244,2.4376885798656275E-8,5000.0,83.3,79.64450976836817,79.3419099455715,77.70360480640855,946.0,22168.0,1.0,0.0
6000.0,0.351233551,2.7777350351123344E-8,6000.0,83.51666666666667,79.92912688556365,79.64601769911503,78.32091188075405,212.0,21848.0,1.0,2.0
7000.0,0.388055352,3.063875614417924E-8,7000.0,82.77142857142857,79.06159225355304,78.72640677368142,77.5125862390453,937.0,22168.0,1.0,0.0
8000.0,0.425936129,3.379797134356573E-8,8000.0,82.4875,78.74078328643174,78.48917549516352,77.23801787164906,1937.0,22168.0,0.0,1.0
9000.0,0.46463151,3.697386974549542E-8,9000.0,81.85555555555555,78.03066045033664,77.77324077854907,76.67809197372179,812.0,21848.0,2.0,1.0
10000.0,0.497842681,3.9699655153968683E-8,10000.0,82.41000000000001,78.7289267634651,78.41188021600394,77.55805052309263,1812.0,21848.0,0.0,0.0
