learning evaluation instances,evaluation time (cpu seconds),model cost (RAM-Hours),classified instances,classifications correct (percent),Kappa Statistic (percent),Kappa Temporal Statistic (percent),Kappa M Statistic (percent),model training instances,model serialized size (bytes),Change detected,Warning detected
1000.0,0.078119007,6.049898850296935E-9,1000.0,76.0,70.56189973873686,71.11913357400722,68.21192052980133,1.0,12232.0,3.0,0.0
2000.0,0.173450405,1.4228115107528864E-8,2000.0,75.9,70.52012108768521,71.06842737094838,68.14276272306677,401.0,21848.0,2.0,0.0
3000.0,0.219738678,1.8298209100787838E-8,3000.0,81.10000000000001,76.90276539482964,77.2289156626506,75.08787346221443,1401.0,21848.0,0.0,0.0
4000.0,0.28612424,2.4278055850838622E-8,4000.0,84.35000000000001,80.89674668697025,81.17293233082707,79.34675024744308,2401.0,21848.0,0.0,0.0
5000.0,0.324188208,2.778853461481631E-8,5000.0,86.16,83.10817078283768,83.31726133076181,81.76067474960465,3401.0,21848.0,0.0,0.0
6000.0,0.356464763,3.0834803290013226E-8,6000.0,87.5,84.75139849160156,84.94882600842865,83.51648351648352,4401.0,21848.0,0.0,0.0
7000.0,0.391381368,3.420503332233057E-8,7000.0,88.31428571428572,85.74572854176388,85.91355260892026,84.60380199510634,5401.0,21848.0,0.0,0.0
8000.0,0.426066975,3.762726492721588E-8,8000.0,89.075,86.67787792847328,86.84131285757304,85.59894546053715,6401.0,21848.0,0.0,0.0
9000.0,0.460421965,4.1091035071814234E-8,9000.0,89.55555555555556,87.26476776626615,87.40959014197695,86.24524436640327,7401.0,21848.0,0.0,0.0
10000.0,0.49427088,4.457628705599036E-8,10000.0,90.03,87.84584498751614,88.00385031885453,86.86602555658015,8401.0,21848.0,0.0,0.0
