learning evaluation instances,evaluation time (cpu seconds),model cost (RAM-Hours),classified instances,classifications correct (percent),Kappa Statistic (percent),Kappa Temporal Statistic (percent),Kappa M Statistic (percent),model training instances,model serialized size (bytes),Change detected,Warning detected
1000.0,0.073159615,5.4810983915295865E-9,1000.0,84.89999999999999,81.46695779498528,81.28872366790581,79.5945945945946,1000.0,22168.0,0.0,0.0
2000.0,0.158534776,1.2108496497463849E-8,2000.0,85.65,82.45326040737172,82.44648318042815,80.86666666666667,219.0,21848.0,1.0,1.0
3000.0,0.205581188,1.6024326187852356E-8,3000.0,83.83333333333334,80.36661401410852,80.18790849673204,78.29977628635348,1219.0,21848.0,0.0,1.0
4000.0,0.261706661,2.0700482692472223E-8,4000.0,84.125,80.69175365323044,80.43143297380585,78.57624831309042,2219.0,21848.0,0.0,1.0
5000.0,0.307018562,2.447944547225618E-8,5000.0,83.56,80.06077050228228,79.74371611631345,78.22516556291392,1056.0,22168.0,1.0,3.0
6000.0,0.340219477,2.7059473823279972E-8,6000.0,83.73333333333333,80.27346249476899,79.9506984387839,78.68064657055484,170.0,22168.0,1.0,1.0
7000.0,0.376833071,2.990166891474277E-8,7000.0,83.04285714285714,79.4512324128925,79.10579123393768,77.89983243343882,923.0,21848.0,1.0,0.0
8000.0,0.414830399,3.3064313180533546E-8,8000.0,82.7625,79.11983479231722,78.82371007371009,77.62816353017521,1923.0,21848.0,0.0,1.0
9000.0,0.45377574,3.60907383233433E-8,9000.0,82.21111111111111,78.4925047446275,78.13140281382324,77.04988532110092,861.0,22168.0,2.0,0.0
10000.0,0.489773544,3.88881116756921E-8,10000.0,83.28999999999999,79.82411822974954,79.43890734588409,78.59338970023059,1861.0,22168.0,0.0,0.0
