learning evaluation instances,evaluation time (cpu seconds),model cost (RAM-Hours),classified instances,classifications correct (percent),Kappa Statistic (percent),Kappa Temporal Statistic (percent),Kappa M Statistic (percent),model training instances,model serialized size (bytes),Change detected,Warning detected
1000.0,0.087076655,7.011959886788908E-9,1000.0,87.2,84.32761168719382,83.9799749687109,82.48974008207935,1000.0,22168.0,0.0,2.0
2000.0,0.17480863,1.4310734761351099E-8,2000.0,90.05,87.83576200393289,87.78391651319828,86.55405405405405,2000.0,22168.0,0.0,0.0
3000.0,0.221059439,1.815852506422955E-8,3000.0,91.53333333333333,89.63943605900464,89.55592105263158,88.53790613718412,3000.0,22168.0,0.0,0.0
4000.0,0.293001639,2.4143685227108912E-8,4000.0,92.27499999999999,90.55191276755343,90.52147239263803,89.57489878542509,4000.0,22168.0,0.0,0.0
5000.0,0.32873132,2.7116180693658277E-8,5000.0,92.74,91.11592673023323,91.07011070110701,90.18653690186537,5000.0,22168.0,0.0,0.0
6000.0,0.35934687,2.9663211090624747E-8,6000.0,93.0,91.43759195457113,91.41630901287554,90.55967633175995,6000.0,22168.0,0.0,0.0
7000.0,0.395776803,3.269396332961611E-8,7000.0,93.22857142857143,91.71350794855151,91.67690956979807,90.85295252798149,7000.0,22168.0,0.0,0.0
8000.0,0.433734387,3.585180698238106E-8,8000.0,93.375,91.89499693261953,91.87863928899786,91.06540795684421,8000.0,22168.0,0.0,0.0
9000.0,0.471386641,3.898424900783226E-8,9000.0,93.5111111111111,92.05896118581587,92.02839202839202,91.23780945236307,9000.0,22168.0,0.0,0.0
10000.0,0.509011804,4.211443722433721E-8,10000.0,93.60000000000001,92.16851467082549,92.1587846116148,91.36418836864122,10000.0,22168.0,0.0,0.0
