learning evaluation instances,evaluation time (cpu seconds),model cost (RAM-Hours),classified instances,classifications correct (percent),Kappa Statistic (percent),Kappa Temporal Statistic (percent),Kappa M Statistic (percent),model training instances,model serialized size (bytes),Change detected,Warning detected
1000.0,0.074786731,6.328141310428165E-9,1000.0,79.7,74.94671548971766,74.52948557089086,72.60458839406209,926.0,21848.0,1.0,23.0
2000.0,0.162459147,1.4011891553151523E-8,2000.0,85.9,82.67888808289074,82.49534450651768,81.14973262032086,1926.0,21848.0,0.0,1.0
3000.0,0.212780774,1.8422159130076566E-8,3000.0,88.7,86.13864867771295,85.97434836574266,84.94002665482007,2926.0,21848.0,0.0,0.0
4000.0,0.276208801,2.3981092487824046E-8,4000.0,90.275,88.08610377998986,87.96410891089108,87.04197201865426,3926.0,21848.0,0.0,0.0
5000.0,0.311675826,2.7089479074916907E-8,5000.0,91.14,89.14988597338406,89.02922238732044,88.20867713601278,4926.0,21848.0,0.0,0.0
6000.0,0.344644959,2.997894642678193E-8,6000.0,91.8,89.96503433151439,89.8598516075845,89.09332742185768,5926.0,21848.0,0.0,0.0
7000.0,0.384669969,3.3486802082345304E-8,7000.0,92.2,90.45618129939417,90.35165223537727,89.63356749572813,6926.0,21848.0,0.0,0.0
8000.0,0.424345554,3.696403357410597E-8,8000.0,92.575,90.91869236967204,90.82058414464534,90.13125103837847,7926.0,21848.0,0.0,0.0
9000.0,0.463499462,4.0395544462303323E-8,9000.0,92.78888888888889,91.18009645087747,91.08394010166232,90.41925007381163,8926.0,21848.0,0.0,0.0
10000.0,0.498397939,4.345410259670475E-8,10000.0,93.06,91.51500191065284,91.42150803461064,90.78353253652058,9926.0,21848.0,0.0,0.0
