learning evaluation instances,evaluation time (cpu seconds),model cost (RAM-Hours),classified instances,classifications correct (percent),Kappa Statistic (percent),Kappa Temporal Statistic (percent),Kappa M Statistic (percent),model training instances,model serialized size (bytes),Change detected,Warning detected
1000.0,0.075379924,6.032779939224323E-9,1000.0,74.1,67.85962473940236,68.37606837606839,64.71389645776566,105.0,22168.0,3.0,0.0
2000.0,0.159797718,1.3192633947138158E-8,2000.0,76.2,70.54153751513536,70.97560975609757,67.70691994572591,177.0,21848.0,4.0,0.0
3000.0,0.22347419,1.8594640701897445E-8,3000.0,74.56666666666666,68.51799384388556,68.9711264741765,65.61514195583597,25.0,22168.0,6.0,0.0
4000.0,0.264152234,2.204422403053691E-8,4000.0,73.32499999999999,66.96980972505384,67.46951219512195,63.9527027027027,161.0,21848.0,6.0,0.0
5000.0,0.299918485,2.507890551018425E-8,5000.0,73.52,67.27079570134038,67.71519141672762,64.27415002698325,73.0,22168.0,5.0,0.0
6000.0,0.335272004,2.8081640709054967E-8,6000.0,73.0,66.62950365231842,67.06647692620452,63.56275303643725,241.0,22168.0,6.0,0.0
7000.0,0.372784968,3.12635949950955E-8,7000.0,73.41428571428571,67.17996128913343,67.57839721254354,64.1632967456191,25.0,22168.0,5.0,0.0
8000.0,0.409837516,3.4407415721213656E-8,8000.0,73.075,66.7569327575626,67.15962799207198,63.68846931894807,97.0,22168.0,6.0,0.0
9000.0,0.445791842,3.745865020830599E-8,9000.0,72.57777777777777,66.14516988343692,66.5582655826558,63.04282719377059,297.0,21848.0,6.0,0.0
10000.0,0.481889192,4.0518884604403546E-8,10000.0,72.36,65.88125454528286,66.29268292682927,62.75434577550195,113.0,21848.0,7.0,0.0
