learning evaluation instances,evaluation time (cpu seconds),model cost (RAM-Hours),classified instances,classifications correct (percent),Kappa Statistic (percent),Kappa Temporal Statistic (percent),Kappa M Statistic (percent),model training instances,model serialized size (bytes),Change detected,Warning detected
1000.0,0.087344989,7.257360702966236E-9,1000.0,84.39999999999999,80.84100614193129,81.06796116504853,78.45303867403315,1000.0,22168.0,0.0,0.0
2000.0,0.172988758,1.4725208590616367E-8,2000.0,87.5,84.67931664849634,84.83929654335961,82.94679399727148,2000.0,22168.0,0.0,0.0
3000.0,0.218853448,1.87244549144701E-8,3000.0,89.63333333333333,87.29098921600252,87.42418115649009,85.79259936043856,3000.0,22168.0,0.0,0.0
4000.0,0.287764172,2.4733237697720113E-8,4000.0,90.275,88.08981534544627,88.19781553398057,86.73260572987722,4000.0,22168.0,0.0,0.0
5000.0,0.323652194,2.7862552210777583E-8,5000.0,91.12,89.12076950463482,89.22852983988355,87.84560635094442,5000.0,22168.0,0.0,0.0
6000.0,0.358718953,3.0920255359326385E-8,6000.0,91.33333333333333,89.3884704779426,89.48220064724919,88.17375483284057,6000.0,22168.0,0.0,0.0
7000.0,0.398460231,3.4385560803378206E-8,7000.0,91.84285714285714,90.01038150545476,90.1005547850208,88.84547763235005,7000.0,22168.0,0.0,0.0
8000.0,0.439020046,3.792223991393008E-8,8000.0,91.95,90.14520067447226,90.23058252427184,89.01211397372461,8000.0,22168.0,0.0,0.0
9000.0,0.477885791,4.1311201832457965E-8,9000.0,92.28888888888889,90.55848253682055,90.64059339177342,89.45929526123936,9000.0,22168.0,0.0,0.0
10000.0,0.51693788,4.471641231948096E-8,10000.0,92.36999999999999,90.65991255523687,90.7425382188789,89.58503958503958,10000.0,22168.0,0.0,0.0
