learning evaluation instances,evaluation time (cpu seconds),model cost (RAM-Hours),classified instances,classifications correct (percent),Kappa Statistic (percent),Kappa Temporal Statistic (percent),Kappa M Statistic (percent),model training instances,model serialized size (bytes),Change detected,Warning detected
1000.0,0.083954494,6.4667280301700036E-9,1000.0,75.0,69.3125771788684,68.6323713927227,66.26180836707152,1.0,10616.0,3.0,0.0
2000.0,0.170170571,1.383316781901651E-8,2000.0,73.95,68.05076555516855,67.65983860955929,65.17379679144386,201.0,22168.0,3.0,0.0
3000.0,0.218147332,1.7760403726730083E-8,3000.0,74.16666666666667,68.29809877221604,67.93545717832023,65.57085739671258,1.0,9968.0,4.0,0.0
4000.0,0.273700994,2.236822380706254E-8,4000.0,74.375,68.55950944859592,68.2858910891089,65.85609593604265,1.0,14168.0,3.0,0.0
5000.0,0.321313052,2.6436274345711704E-8,5000.0,74.2,68.32554542796927,68.05349182763744,65.66409369177535,201.0,22168.0,3.0,0.0
6000.0,0.363437517,2.9891520257259E-8,6000.0,74.73333333333333,68.98794109590806,68.75515251442704,66.39326091775659,1.0,10616.0,4.0,0.0
7000.0,0.40475287,3.3280399013045766E-8,7000.0,75.05714285714285,69.37432513010272,69.14649231312951,66.85019935447124,1.0,10616.0,3.0,0.0
8000.0,0.443545155,3.659166262259914E-8,8000.0,74.88749999999999,69.15439810935959,68.95379384948231,66.6223625186908,201.0,21848.0,3.0,0.0
9000.0,0.48054433,3.963577366198517E-8,9000.0,74.9,69.1698155100591,68.96551724137932,66.651904340124,1.0,11584.0,4.0,0.0
10000.0,0.515055145,4.258157605144299E-8,10000.0,75.08,69.39551349526447,69.19653893695923,66.90571049136787,201.0,21848.0,2.0,0.0
