learning evaluation instances,evaluation time (cpu seconds),model cost (RAM-Hours),classified instances,classifications correct (percent),Kappa Statistic (percent),Kappa Temporal Statistic (percent),Kappa M Statistic (percent),model training instances,model serialized size (bytes),Change detected,Warning detected,tree size (nodes),tree size (leaves),active learning leaves,tree depth,active leaf byte size estimate,inactive leaf byte size estimate,byte size estimate overhead
1000.0,0.120779973,1.1560970195569097E-8,1000.0,81.3,77.2075188373153,77.55102040816327,75.87096774193547,1000.0,30560.0,0.0,0.0,1.0,1.0,1.0,0.0,0.0,0.0,1.0
2000.0,0.229924981,2.2576808011337287E-8,2000.0,86.15,83.03681959351444,83.12004875076173,81.7161716171617,2000.0,30560.0,0.0,0.0,1.0,1.0,1.0,0.0,0.0,0.0,1.0
3000.0,0.306641339,3.0323006275813616E-8,3000.0,87.83333333333333,85.13393308070522,85.22865236746256,84.07504363001745,3000.0,30560.0,0.0,0.0,1.0,1.0,1.0,0.0,0.0,0.0,1.0
4000.0,0.352464509,3.494985991147244E-8,4000.0,88.9,86.41451517259992,86.45928636779506,85.35136918508744,4000.0,30560.0,0.0,0.0,1.0,1.0,1.0,0.0,0.0,0.0,1.0
5000.0,0.399557029,3.9704882258776995E-8,5000.0,89.4,87.04293209547865,87.10462287104622,86.0782768584187,5000.0,30560.0,0.0,0.0,1.0,1.0,1.0,0.0,0.0,0.0,1.0
6000.0,0.451246266,4.492629046850528E-8,6000.0,89.86666666666666,87.60142707302491,87.63473662802521,86.63442514838425,6000.0,30560.0,0.0,0.0,1.0,1.0,1.0,0.0,0.0,0.0,1.0
7000.0,0.502137976,5.0067136180758894E-8,7000.0,90.11428571428571,87.91506114195687,87.96940194714881,87.00713481036425,7000.0,30560.0,0.0,0.0,1.0,1.0,1.0,0.0,0.0,0.0,1.0
8000.0,0.552974032,5.520235998273931E-8,8000.0,90.375,88.22400639145877,88.25503355704699,87.30420445177248,8000.0,30560.0,0.0,0.0,1.0,1.0,1.0,0.0,0.0,0.0,1.0
9000.0,0.603935207,6.03502227287574E-8,9000.0,90.5,88.38588054518172,88.43031123139377,87.5054800526085,9000.0,30560.0,0.0,0.0,1.0,1.0,1.0,0.0,0.0,0.0,1.0
10000.0,0.653468505,6.535384792895368E-8,10000.0,90.71000000000001,88.63513487079365,88.65966796875,87.74244623301227,10000.0,30560.0,0.0,0.0,1.0,1.0,1.0,0.0,0.0,0.0,1.0
