learning evaluation instances,evaluation time (cpu seconds),model cost (RAM-Hours),classified instances,classifications correct (percent),Kappa Statistic (percent),Kappa Temporal Statistic (percent),Kappa M Statistic (percent),model training instances,model serialized size (bytes),Change detected,Warning detected,tree size (nodes),tree size (leaves),active learning leaves,tree depth,active leaf byte size estimate,inactive leaf byte size estimate,byte size estimate overhead
1000.0,0.206600732,2.143981950139006E-8,1000.0,77.10000000000001,72.15294236388686,72.27602905569006,69.9475065616798,815.0,30240.0,2.0,20.0,1.0,1.0,1.0,0.0,0.0,0.0,1.0
2000.0,0.34368451,3.612121204511987E-8,2000.0,83.39999999999999,79.79103196608301,80.0,78.07133421400265,1815.0,30240.0,0.0,6.0,1.0,1.0,1.0,0.0,0.0,0.0,1.0
3000.0,0.416633445,4.393389393941396E-8,3000.0,86.3,83.34121912011913,83.4340991535671,82.0993031358885,2815.0,30240.0,0.0,0.0,1.0,1.0,1.0,0.0,0.0,0.0,1.0
4000.0,0.486973949,5.1467218202973404E-8,4000.0,87.775,85.12709264315744,85.24886877828055,83.9672131147541,3815.0,30240.0,0.0,0.0,1.0,1.0,1.0,0.0,0.0,0.0,1.0
5000.0,0.546379561,5.782943787474599E-8,5000.0,88.74,86.30721692359889,86.39110466521633,85.29258098223616,4815.0,30240.0,0.0,0.0,1.0,1.0,1.0,0.0,0.0,0.0,1.0
6000.0,0.605758009,6.411476857224272E-8,6000.0,89.38333333333334,87.08752026063344,87.1856769261718,86.10687022900764,5815.0,30240.0,0.0,1.0,1.0,1.0,1.0,0.0,0.0,0.0,1.0
7000.0,0.65973035,6.982785173842891E-8,7000.0,89.84285714285714,87.64980474184966,87.72444751381215,86.74002237970907,6815.0,30240.0,0.0,0.0,1.0,1.0,1.0,0.0,0.0,0.0,1.0
8000.0,0.717428583,7.593532822663585E-8,8000.0,90.21249999999999,88.09692297097762,88.1829157862964,87.2037914691943,7815.0,30240.0,0.0,1.0,1.0,1.0,1.0,0.0,0.0,0.0,1.0
9000.0,0.765570115,8.103120828237799E-8,9000.0,90.46666666666667,88.40839694404391,88.48012889366271,87.55980861244018,8815.0,30240.0,0.0,0.0,1.0,1.0,1.0,0.0,0.0,0.0,1.0
10000.0,0.815853166,8.635377252343215E-8,10000.0,90.69,88.67786091787062,88.74924471299094,87.83324621014114,9815.0,30240.0,0.0,1.0,1.0,1.0,1.0,0.0,0.0,0.0,1.0
