learning evaluation instances,evaluation time (cpu seconds),model cost (RAM-Hours),classified instances,classifications correct (percent),Kappa Statistic (percent),Kappa Temporal Statistic (percent),Kappa M Statistic (percent),model training instances,model serialized size (bytes),Change detected,Warning detected,tree size (nodes),tree size (leaves),active learning leaves,tree depth,active leaf byte size estimate,inactive leaf byte size estimate,byte size estimate overhead
1000.0,0.184483989,1.875446393191814E-8,1000.0,85.6,82.17554856606002,82.5030376670717,80.38147138964578,1000.0,30560.0,0.0,17.0,1.0,1.0,1.0,0.0,0.0,0.0,1.0
2000.0,0.353094229,3.66510581397348E-8,2000.0,86.15,82.9610916219626,83.33333333333334,81.49632598530397,247.0,30240.0,1.0,14.0,1.0,1.0,1.0,0.0,0.0,0.0,1.0
3000.0,0.496050372,5.172970836426442E-8,3000.0,88.13333333333333,85.38392247895243,85.70855078281814,84.07871198568873,1247.0,30240.0,0.0,10.0,1.0,1.0,1.0,0.0,0.0,0.0,1.0
4000.0,0.662176803,6.929390337397034E-8,4000.0,89.275,86.81880550878681,87.11324722138782,85.7,2247.0,30240.0,0.0,23.0,1.0,1.0,1.0,0.0,0.0,0.0,1.0
5000.0,0.793789097,8.317603326938839E-8,5000.0,90.22,87.97339508400596,88.2451923076923,86.92513368983957,3247.0,30240.0,0.0,15.0,1.0,1.0,1.0,0.0,0.0,0.0,1.0
6000.0,0.966276307,1.0136954530192125E-7,6000.0,90.68333333333334,88.55203949648771,88.81776355271055,87.58053765829817,4247.0,30240.0,0.0,28.0,1.0,1.0,1.0,0.0,0.0,0.0,1.0
7000.0,1.082350483,1.135543786958129E-7,7000.0,89.88571428571429,87.55989717486922,87.8538342768914,86.49370469286531,894.0,30560.0,1.0,19.0,1.0,1.0,1.0,0.0,0.0,0.0,1.0
8000.0,1.178398445,1.2363696945909205E-7,8000.0,89.9,87.58738970198465,87.88424051581947,86.54678654678655,1894.0,30560.0,0.0,24.0,1.0,1.0,1.0,0.0,0.0,0.0,1.0
9000.0,1.259387867,1.3213879689172946E-7,9000.0,89.26666666666667,86.7992226755525,87.11656441717793,85.6761565836299,884.0,30560.0,1.0,21.0,1.0,1.0,1.0,0.0,0.0,0.0,1.0
10000.0,1.338769692,1.4059097714895176E-7,10000.0,89.31,86.85964396051659,87.16840715400312,85.75616255829446,1884.0,30560.0,0.0,25.0,1.0,1.0,1.0,0.0,0.0,0.0,1.0
