learning evaluation instances,evaluation time (cpu seconds),model cost (RAM-Hours),classified instances,classifications correct (percent),Kappa Statistic (percent),Kappa Temporal Statistic (percent),Kappa M Statistic (percent),model training instances,model serialized size (bytes),Change detected,Warning detected,tree size (nodes),tree size (leaves),active learning leaves,tree depth,active leaf byte size estimate,inactive leaf byte size estimate,byte size estimate overhead
1000.0,0.098765782,9.806184358207715E-9,1000.0,83.6,79.96280901869078,80.0486618004866,77.77777777777777,1000.0,30560.0,0.0,0.0,1.0,1.0,1.0,0.0,0.0,0.0,1.0
2000.0,0.204045011,2.073035954195799E-8,2000.0,88.14999999999999,85.48405175027423,85.51344743276283,83.95396073121191,2000.0,30560.0,0.0,0.0,1.0,1.0,1.0,0.0,0.0,0.0,1.0
3000.0,0.280479744,2.866151957557847E-8,3000.0,89.60000000000001,87.26662450323172,87.28606356968214,85.96491228070175,3000.0,30560.0,0.0,0.0,1.0,1.0,1.0,0.0,0.0,0.0,1.0
4000.0,0.329356799,3.373318961303474E-8,4000.0,90.55,88.42052251013664,88.42620943049602,87.23404255319149,4000.0,30560.0,0.0,0.0,1.0,1.0,1.0,0.0,0.0,0.0,1.0
5000.0,0.372852524,3.8246472281966775E-8,5000.0,90.96,88.9258327247033,88.93512851897184,87.80356179168915,5000.0,30560.0,0.0,0.0,1.0,1.0,1.0,0.0,0.0,0.0,1.0
6000.0,0.418969592,4.3031755519488624E-8,6000.0,91.46666666666667,89.54162138504202,89.54675377705186,88.4788478847885,6000.0,30560.0,0.0,0.0,1.0,1.0,1.0,0.0,0.0,0.0,1.0
7000.0,0.464240885,4.772927791041426E-8,7000.0,91.74285714285715,89.8818320015997,89.88803358992303,88.85890516576717,7000.0,30560.0,0.0,0.0,1.0,1.0,1.0,0.0,0.0,0.0,1.0
8000.0,0.509429952,5.241826821730783E-8,8000.0,92.0125,90.20981016473354,90.21739130434783,89.22064777327935,8000.0,30560.0,0.0,0.0,1.0,1.0,1.0,0.0,0.0,0.0,1.0
9000.0,0.554126139,5.70561154115883E-8,9000.0,92.17777777777778,90.41413392380817,90.41916167664671,89.45002247864528,9000.0,30560.0,0.0,0.0,1.0,1.0,1.0,0.0,0.0,0.0,1.0
10000.0,0.598530861,6.166371908347433E-8,10000.0,92.30000000000001,90.56088936134022,90.56834884860363,89.60723444459443,10000.0,30560.0,0.0,0.0,1.0,1.0,1.0,0.0,0.0,0.0,1.0
