learning evaluation instances,evaluation time (cpu seconds),model cost (RAM-Hours),classified instances,classifications correct (percent),Kappa Statistic (percent),Kappa Temporal Statistic (percent),Kappa M Statistic (percent),model training instances,model serialized size (bytes),Change detected,Warning detected,tree size (nodes),tree size (leaves),active learning leaves,tree depth,active leaf byte size estimate,inactive leaf byte size estimate,byte size estimate overhead
1000.0,0.096620504,9.599984429015054E-9,1000.0,82.6,78.69907671515278,78.24999999999999,76.54986522911051,1000.0,30560.0,0.0,0.0,1.0,1.0,1.0,0.0,0.0,0.0,1.0
2000.0,0.202172604,2.055247375065254E-8,2000.0,88.14999999999999,85.55999350504348,85.45119705340699,84.32539682539681,2000.0,30560.0,0.0,0.0,1.0,1.0,1.0,0.0,0.0,0.0,1.0
3000.0,0.266475772,2.722481623239815E-8,3000.0,89.4,87.06651822536361,86.95652173913044,85.9478568272205,3000.0,30560.0,0.0,0.0,1.0,1.0,1.0,0.0,0.0,0.0,1.0
4000.0,0.314405772,3.219821622336076E-8,4000.0,90.575,88.5169644336579,88.46036118763392,87.57415952537905,4000.0,30560.0,0.0,0.0,1.0,1.0,1.0,0.0,0.0,0.0,1.0
5000.0,0.360696751,3.700154513093953E-8,5000.0,90.88000000000001,88.87951559950336,88.81804806277587,87.9492600422833,5000.0,30560.0,0.0,0.0,1.0,1.0,1.0,0.0,0.0,0.0,1.0
6000.0,0.406918405,4.1797680611554524E-8,6000.0,91.38333333333334,89.50279419578291,89.46188340807176,88.64983534577388,6000.0,30560.0,0.0,0.0,1.0,1.0,1.0,0.0,0.0,0.0,1.0
7000.0,0.452200126,4.6496285051616517E-8,7000.0,91.5,89.63932358539205,89.59062281315605,88.78839268890145,7000.0,30560.0,0.0,0.0,1.0,1.0,1.0,0.0,0.0,0.0,1.0
8000.0,0.497295937,5.1175598759520784E-8,8000.0,91.7875,89.99490398734103,89.95873452544704,89.18518518518519,8000.0,30560.0,0.0,0.0,1.0,1.0,1.0,0.0,0.0,0.0,1.0
9000.0,0.542044504,5.5818881102800356E-8,9000.0,91.83333333333333,90.04702783111316,90.00679809653298,89.23392412479859,9000.0,30560.0,0.0,0.0,1.0,1.0,1.0,0.0,0.0,0.0,1.0
10000.0,0.586467203,6.042835013691541E-8,10000.0,92.03,90.2905595732037,90.26743192086946,89.50763559768298,10000.0,30560.0,0.0,0.0,1.0,1.0,1.0,0.0,0.0,0.0,1.0
