learning evaluation instances,evaluation time (cpu seconds),model cost (RAM-Hours),classified instances,classifications correct (percent),Kappa Statistic (percent),Kappa Temporal Statistic (percent),Kappa M Statistic (percent),model training instances,model serialized size (bytes),Change detected,Warning detected,tree size (nodes),tree size (leaves),active learning leaves,tree depth,active leaf byte size estimate,inactive leaf byte size estimate,byte size estimate overhead
1000.0,0.108635987,1.079381436088019E-8,1000.0,87.2,84.39806389724176,83.85876418663304,82.97872340425532,1000.0,30560.0,0.0,0.0,1.0,1.0,1.0,0.0,0.0,0.0,1.0
2000.0,0.215331663,2.186496549908486E-8,2000.0,89.14999999999999,86.77678295582166,86.53010552451893,85.67656765676567,2000.0,30560.0,0.0,0.0,1.0,1.0,1.0,0.0,0.0,0.0,1.0
3000.0,0.293335899,2.995898316270775E-8,3000.0,90.66666666666666,88.62534751933049,88.38656159270012,87.64887516541683,3000.0,30560.0,0.0,0.0,1.0,1.0,1.0,0.0,0.0,0.0,1.0
4000.0,0.345936685,3.5417041761018335E-8,4000.0,91.05,89.09011564477416,88.91297615360793,88.18091779465169,4000.0,30560.0,0.0,0.0,1.0,1.0,1.0,0.0,0.0,0.0,1.0
5000.0,0.389587496,3.9946416746057156E-8,5000.0,91.52,89.66439561261394,89.47107027563943,88.78900052882072,5000.0,30560.0,0.0,0.0,1.0,1.0,1.0,0.0,0.0,0.0,1.0
6000.0,0.435066624,4.466550489093902E-8,6000.0,91.73333333333333,89.92271166826055,89.76264189886481,89.08210433634163,6000.0,30560.0,0.0,0.0,1.0,1.0,1.0,0.0,0.0,0.0,1.0
7000.0,0.479957911,4.932359640690188E-8,7000.0,91.98571428571428,90.23187591363177,90.05671747607231,89.41109852774632,7000.0,30560.0,0.0,0.0,1.0,1.0,1.0,0.0,0.0,0.0,1.0
8000.0,0.524649854,5.3961003227521566E-8,8000.0,92.10000000000001,90.36961277595817,90.22428460943543,89.5657916460294,8000.0,30560.0,0.0,0.0,1.0,1.0,1.0,0.0,0.0,0.0,1.0
9000.0,0.569147603,5.8578259736481645E-8,9000.0,92.27777777777779,90.58722914074676,90.42567846810856,89.79891384118596,9000.0,30560.0,0.0,0.0,1.0,1.0,1.0,0.0,0.0,0.0,1.0
10000.0,0.613203022,6.314961839403337E-8,10000.0,92.34,90.66237708134823,90.51862854313653,89.89179202955924,10000.0,30560.0,0.0,0.0,1.0,1.0,1.0,0.0,0.0,0.0,1.0
