learning evaluation instances,evaluation time (cpu seconds),model cost (RAM-Hours),classified instances,classifications correct (percent),Kappa Statistic (percent),Kappa Temporal Statistic (percent),Kappa M Statistic (percent),model training instances,model serialized size (bytes),Change detected,Warning detected,tree size (nodes),tree size (leaves),active learning leaves,tree depth,active leaf byte size estimate,inactive leaf byte size estimate,byte size estimate overhead
1000.0,0.100685307,1.0003853627492985E-8,1000.0,80.4,76.0689896840252,76.29987908101572,73.29700272479565,1000.0,30560.0,0.0,0.0,1.0,1.0,1.0,0.0,0.0,0.0,1.0
2000.0,0.21103542,2.1454203116266677E-8,2000.0,86.3,83.33516808672525,83.37378640776699,81.89028420356907,2000.0,30560.0,0.0,0.0,1.0,1.0,1.0,0.0,0.0,0.0,1.0
3000.0,0.276399241,2.8236603007163436E-8,3000.0,88.56666666666668,86.07308503904207,86.13020622725436,84.77585441633379,3000.0,30560.0,0.0,0.0,1.0,1.0,1.0,0.0,0.0,0.0,1.0
4000.0,0.326403567,3.342524299206833E-8,4000.0,89.67500000000001,87.44182436539975,87.4658573596358,86.38311902406859,4000.0,30560.0,0.0,0.0,1.0,1.0,1.0,0.0,0.0,0.0,1.0
5000.0,0.373866206,3.835014781939279E-8,5000.0,90.3,88.19155546723434,88.23101189031789,87.1420996818664,5000.0,30560.0,0.0,0.0,1.0,1.0,1.0,0.0,0.0,0.0,1.0
6000.0,0.425675531,4.372608139933811E-8,6000.0,90.76666666666667,88.77061435989107,88.78996357749898,87.82685124148539,6000.0,30560.0,0.0,0.0,1.0,1.0,1.0,0.0,0.0,0.0,1.0
7000.0,0.471624033,4.84938735844319E-8,7000.0,91.05714285714286,89.11679730442292,89.14701803051318,88.17082388510961,7000.0,30560.0,0.0,0.0,1.0,1.0,1.0,0.0,0.0,0.0,1.0
8000.0,0.51686374,5.31881184912742E-8,8000.0,91.325,89.44925991936323,89.46569520340012,88.5648376997858,8000.0,30560.0,0.0,0.0,1.0,1.0,1.0,0.0,0.0,0.0,1.0
9000.0,0.56180558,5.785145557973327E-8,9000.0,91.5,89.65703587232898,89.6802913800081,88.76816913815887,9000.0,30560.0,0.0,0.0,1.0,1.0,1.0,0.0,0.0,0.0,1.0
10000.0,0.6063398,6.24724964590474E-8,10000.0,91.67,89.86848737124586,89.88709481607381,89.01635021097046,10000.0,30560.0,0.0,0.0,1.0,1.0,1.0,0.0,0.0,0.0,1.0
