learning evaluation instances,evaluation time (cpu seconds),model cost (RAM-Hours),classified instances,classifications correct (percent),Kappa Statistic (percent),Kappa Temporal Statistic (percent),Kappa M Statistic (percent),model training instances,model serialized size (bytes),Change detected,Warning detected,tree size (nodes),tree size (leaves),active learning leaves,tree depth,active leaf byte size estimate,inactive leaf byte size estimate,byte size estimate overhead
1000.0,0.124030918,1.173224943211923E-8,1000.0,76.6,71.08783860589017,71.25307125307125,68.71657754010695,1.0,21592.0,3.0,0.0,1.0,1.0,1.0,0.0,0.0,0.0,1.0
2000.0,0.242709671,2.3828701454912208E-8,2000.0,74.45,68.45833800131412,68.7461773700306,65.72769953051643,201.0,30240.0,3.0,0.0,1.0,1.0,1.0,0.0,0.0,0.0,1.0
3000.0,0.326905472,3.212972354086944E-8,3000.0,75.06666666666668,69.21494825532169,69.4569211923234,66.56236030397854,1.0,19008.0,4.0,0.0,1.0,1.0,1.0,0.0,0.0,0.0,1.0
4000.0,0.39425052,3.875810866029105E-8,4000.0,75.25,69.4575074873455,69.72477064220183,66.77852348993288,1.0,18360.0,3.0,0.0,1.0,1.0,1.0,0.0,0.0,0.0,1.0
5000.0,0.460214525,4.5487017416097224E-8,5000.0,75.0,69.12210030584436,69.40024479804161,66.46995708154506,201.0,30560.0,3.0,0.0,1.0,1.0,1.0,0.0,0.0,0.0,1.0
6000.0,0.521442676,5.1732827405434926E-8,6000.0,75.53333333333333,69.79411955842762,70.07135575942915,67.15148802864175,201.0,30560.0,2.0,0.0,1.0,1.0,1.0,0.0,0.0,0.0,1.0
7000.0,0.591038388,5.861182762507142E-8,7000.0,75.77142857142857,70.08934096176071,70.34965034965035,67.50335313278406,1.0,19976.0,4.0,0.0,1.0,1.0,1.0,0.0,0.0,0.0,1.0
8000.0,0.65611041,6.507089995488317E-8,8000.0,75.7625,70.08506394606857,70.35168195718654,67.46098338647424,1.0,21592.0,3.0,0.0,1.0,1.0,1.0,0.0,0.0,0.0,1.0
9000.0,0.719950797,7.158318099449492E-8,9000.0,75.41111111111111,69.64167574657517,69.91162474507138,67.00954084675014,201.0,30560.0,3.0,0.0,1.0,1.0,1.0,0.0,0.0,0.0,1.0
10000.0,0.778503238,7.735597607637445E-8,10000.0,76.17,70.59169981270875,70.87865086154223,67.9962395917271,1.0,19008.0,2.0,0.0,1.0,1.0,1.0,0.0,0.0,0.0,1.0
