learning evaluation instances,evaluation time (cpu seconds),model cost (RAM-Hours),classified instances,classifications correct (percent),Kappa Statistic (percent),Kappa Temporal Statistic (percent),Kappa M Statistic (percent),model training instances,model serialized size (bytes),Change detected,Warning detected,tree size (nodes),tree size (leaves),active learning leaves,tree depth,active leaf byte size estimate,inactive leaf byte size estimate,byte size estimate overhead
1000.0,0.108193393,1.0441280726736619E-8,1000.0,86.0,82.76910352568757,82.8009828009828,81.28342245989305,1000.0,30560.0,0.0,0.0,1.0,1.0,1.0,0.0,0.0,0.0,1.0
2000.0,0.215566078,2.1282240651785912E-8,2000.0,88.4,85.766722720421,85.81039755351682,84.43997317236752,2000.0,30560.0,0.0,0.0,1.0,1.0,1.0,0.0,0.0,0.0,1.0
3000.0,0.282812053,2.8071778606395754E-8,3000.0,90.2,87.9781939158212,87.995100040833,86.85739830129637,3000.0,30560.0,0.0,0.0,1.0,1.0,1.0,0.0,0.0,0.0,1.0
4000.0,0.333232944,3.316255992304327E-8,4000.0,90.725,88.63274956936199,88.65443425076452,87.5503355704698,4000.0,30560.0,0.0,0.0,1.0,1.0,1.0,0.0,0.0,0.0,1.0
5000.0,0.37454467,3.733362788134772E-8,5000.0,91.36,89.41039013299374,89.42472460220317,88.41201716738198,5000.0,30560.0,0.0,0.0,1.0,1.0,1.0,0.0,0.0,0.0,1.0
6000.0,0.420331987,4.195657708553804E-8,6000.0,91.58333333333334,89.68827344330195,89.70438328236494,88.69993287088835,6000.0,30560.0,0.0,0.0,1.0,1.0,1.0,0.0,0.0,0.0,1.0
7000.0,0.465523068,4.6519326895609915E-8,7000.0,91.88571428571429,90.05846403269304,90.06993006993007,89.11668902088522,7000.0,30560.0,0.0,0.0,1.0,1.0,1.0,0.0,0.0,0.0,1.0
8000.0,0.510102954,5.1020366965430895E-8,8000.0,91.9875,90.18517369429028,90.19877675840978,89.24316160429602,8000.0,30560.0,0.0,0.0,1.0,1.0,1.0,0.0,0.0,0.0,1.0
9000.0,0.554583276,5.5511354484791975E-8,9000.0,92.17777777777778,90.4169611076541,90.42828008157716,89.50506857483602,9000.0,30560.0,0.0,0.0,1.0,1.0,1.0,0.0,0.0,0.0,1.0
10000.0,0.598791696,5.997488922428133E-8,10000.0,92.21000000000001,90.45770797991993,90.48026396187218,89.53800698361538,10000.0,30560.0,0.0,0.0,1.0,1.0,1.0,0.0,0.0,0.0,1.0
