learning evaluation instances,evaluation time (cpu seconds),model cost (RAM-Hours),classified instances,classifications correct (percent),Kappa Statistic (percent),Kappa Temporal Statistic (percent),Kappa M Statistic (percent),model training instances,model serialized size (bytes),Change detected,Warning detected,tree size (nodes),tree size (leaves),active learning leaves,tree depth,active leaf byte size estimate,inactive leaf byte size estimate,byte size estimate overhead
1000.0,0.220788288,2.3068853384256363E-8,1000.0,71.6,64.75167305439163,65.1105651105651,62.03208556149732,433.0,30560.0,5.0,26.0,1.0,1.0,1.0,0.0,0.0,0.0,1.0
2000.0,0.357011383,3.791828817051525E-8,2000.0,80.25,75.62876250259907,75.84097859327217,73.50771294433265,1433.0,30560.0,0.0,4.0,1.0,1.0,1.0,0.0,0.0,0.0,1.0
3000.0,0.431948889,4.6087091033142064E-8,3000.0,84.26666666666667,80.61741207956827,80.72682727643937,78.90031291908807,2433.0,30560.0,0.0,0.0,1.0,1.0,1.0,0.0,0.0,0.0,1.0
4000.0,0.502965058,5.38284359962369E-8,4000.0,86.35000000000001,83.21471036959687,83.30275229357798,81.6778523489933,3433.0,30560.0,0.0,0.0,1.0,1.0,1.0,0.0,0.0,0.0,1.0
5000.0,0.562660668,6.033574716635048E-8,5000.0,87.8,85.005814302762,85.06731946144433,83.63733905579397,4433.0,30560.0,0.0,0.0,1.0,1.0,1.0,0.0,0.0,0.0,1.0
6000.0,0.620732162,6.666601636992147E-8,6000.0,88.63333333333333,86.04214474111708,86.09582059123343,84.73931528306109,5433.0,30560.0,0.0,0.0,1.0,1.0,1.0,0.0,0.0,0.0,1.0
7000.0,0.678025658,7.291147740961364E-8,7000.0,89.35714285714286,86.9339431528062,86.97552447552448,85.72523471929489,6433.0,30560.0,0.0,0.0,1.0,1.0,1.0,0.0,0.0,0.0,1.0
8000.0,0.762695459,8.207809634312367E-8,8000.0,89.7875,87.46797800906243,87.50764525993884,86.28964591374391,7433.0,30560.0,0.0,7.0,1.0,1.0,1.0,0.0,0.0,0.0,1.0
9000.0,0.817644669,8.794507620020253E-8,9000.0,90.21111111111111,87.98807551760123,88.0217539089055,86.8664281454979,8433.0,30560.0,0.0,1.0,1.0,1.0,1.0,0.0,0.0,0.0,1.0
10000.0,0.887331,9.554145791270254E-8,10000.0,90.46,88.29693645814291,88.34168397898081,87.18775181305399,9433.0,30560.0,0.0,6.0,1.0,1.0,1.0,0.0,0.0,0.0,1.0
