learning evaluation instances,evaluation time (cpu seconds),model cost (RAM-Hours),classified instances,classifications correct (percent),Kappa Statistic (percent),Kappa Temporal Statistic (percent),Kappa M Statistic (percent),model training instances,model serialized size (bytes),Change detected,Warning detected,tree size (nodes),tree size (leaves),active learning leaves,tree depth,active leaf byte size estimate,inactive leaf byte size estimate,byte size estimate overhead
1000.0,0.103518496,1.028535257604387E-8,1000.0,86.2,83.26238038059893,83.29297820823243,81.88976377952756,1000.0,30560.0,0.0,0.0,1.0,1.0,1.0,0.0,0.0,0.0,1.0
2000.0,0.21708259,2.2069197017380763E-8,2000.0,88.64999999999999,86.20819549123432,86.32530120481927,85.00660501981505,2000.0,30560.0,0.0,0.0,1.0,1.0,1.0,0.0,0.0,0.0,1.0
3000.0,0.284592648,2.90742986624274E-8,3000.0,90.16666666666666,88.05906512599371,88.10963321241434,87.15156794425086,3000.0,30560.0,0.0,0.0,1.0,1.0,1.0,0.0,0.0,0.0,1.0
4000.0,0.335028883,3.430775517595104E-8,4000.0,90.77499999999999,88.78943861822691,88.86877828054298,87.9016393442623,4000.0,30560.0,0.0,0.0,1.0,1.0,1.0,0.0,0.0,0.0,1.0
5000.0,0.382534121,3.923708023833111E-8,5000.0,91.25999999999999,89.38165927294835,89.43678994440415,88.58411703239287,5000.0,30560.0,0.0,0.0,1.0,1.0,1.0,0.0,0.0,0.0,1.0
6000.0,0.430032692,4.4165713507309556E-8,6000.0,91.48333333333333,89.6499781960891,89.72037819352244,88.85496183206108,6000.0,30560.0,0.0,0.0,1.0,1.0,1.0,0.0,0.0,0.0,1.0
7000.0,0.476656388,4.9003566402470074E-8,7000.0,91.72857142857143,89.94988581106381,90.00345303867402,89.2017903767251,7000.0,30560.0,0.0,0.0,1.0,1.0,1.0,0.0,0.0,0.0,1.0
8000.0,0.522117923,5.372082903043057E-8,8000.0,91.85,90.09469761529274,90.15997585270149,89.34466416081058,8000.0,30560.0,0.0,0.0,1.0,1.0,1.0,0.0,0.0,0.0,1.0
9000.0,0.566914609,5.836910438506347E-8,9000.0,91.97777777777777,90.25161412072148,90.3061224489796,89.53168044077135,9000.0,30560.0,0.0,0.0,1.0,1.0,1.0,0.0,0.0,0.0,1.0
10000.0,0.611306841,6.297541204681206E-8,10000.0,92.06,90.34958893624369,90.404833836858,89.62362780972295,10000.0,30560.0,0.0,0.0,1.0,1.0,1.0,0.0,0.0,0.0,1.0
