learning evaluation instances,evaluation time (cpu seconds),model cost (RAM-Hours),classified instances,classifications correct (percent),Kappa Statistic (percent),Kappa Temporal Statistic (percent),Kappa M Statistic (percent),model training instances,model serialized size (bytes),Change detected,Warning detected,tree size (nodes),tree size (leaves),active learning leaves,tree depth,active leaf byte size estimate,inactive leaf byte size estimate,byte size estimate overhead
1000.0,0.098730338,9.456321001677877E-9,1000.0,85.0,81.5949791103013,81.54981549815498,79.72972972972973,1000.0,30560.0,0.0,0.0,1.0,1.0,1.0,0.0,0.0,0.0,1.0
2000.0,0.205911605,2.0194327014266616E-8,2000.0,89.2,86.78808578936294,86.82123245881635,85.55183946488293,2000.0,30560.0,0.0,0.0,1.0,1.0,1.0,0.0,0.0,0.0,1.0
3000.0,0.270513534,2.6666501876939503E-8,3000.0,90.4,88.2612029087761,88.23048630976706,87.16577540106952,3000.0,30560.0,0.0,0.0,1.0,1.0,1.0,0.0,0.0,0.0,1.0
4000.0,0.32722166,3.234783234628952E-8,4000.0,91.07499999999999,89.0947896462817,89.08924205378973,88.1,4000.0,30560.0,0.0,0.0,1.0,1.0,1.0,0.0,0.0,0.0,1.0
5000.0,0.376803321,3.7315194543380704E-8,5000.0,91.53999999999999,89.66165808625021,89.6348934084783,88.71096877502002,5000.0,30560.0,0.0,0.0,1.0,1.0,1.0,0.0,0.0,0.0,1.0
6000.0,0.429611905,4.260584755001383E-8,6000.0,91.75,89.92217441607909,89.90619902120717,89.00732844770152,6000.0,30560.0,0.0,0.0,1.0,1.0,1.0,0.0,0.0,0.0,1.0
7000.0,0.482153229,4.7869724986929864E-8,7000.0,91.98571428571428,90.20888314348157,90.18200910045502,89.31224995237189,7000.0,30560.0,0.0,0.0,1.0,1.0,1.0,0.0,0.0,0.0,1.0
8000.0,0.532845889,5.29483931451829E-8,8000.0,92.0875,90.33594610114396,90.31962073711577,89.46053946053945,8000.0,30560.0,0.0,0.0,1.0,1.0,1.0,0.0,0.0,0.0,1.0
9000.0,0.583181515,5.7991291682997516E-8,9000.0,92.24444444444444,90.52632236147143,90.50081654872073,89.66232227488152,9000.0,30560.0,0.0,0.0,1.0,1.0,1.0,0.0,0.0,0.0,1.0
10000.0,0.631050705,6.27870891616535E-8,10000.0,92.27,90.56187087406171,90.52928203871599,89.71253659834973,10000.0,30560.0,0.0,0.0,1.0,1.0,1.0,0.0,0.0,0.0,1.0
