learning evaluation instances,evaluation time (cpu seconds),model cost (RAM-Hours),classified instances,classifications correct (percent),Kappa Statistic (percent),Kappa Temporal Statistic (percent),Kappa M Statistic (percent),model training instances,model serialized size (bytes),Change detected,Warning detected,tree size (nodes),tree size (leaves),active learning leaves,tree depth,active leaf byte size estimate,inactive leaf byte size estimate,byte size estimate overhead
1000.0,0.118067966,1.2142201468567881E-8,1000.0,86.0,82.76910352568757,82.8009828009828,81.28342245989305,1000.0,30560.0,0.0,2.0,1.0,1.0,1.0,0.0,0.0,0.0,1.0
2000.0,0.224053321,2.3508809495729706E-8,2000.0,88.4,85.766722720421,85.81039755351682,84.43997317236752,2000.0,30560.0,0.0,0.0,1.0,1.0,1.0,0.0,0.0,0.0,1.0
3000.0,0.29159279,3.075221279881481E-8,3000.0,90.2,87.9781939158212,87.995100040833,86.85739830129637,3000.0,30560.0,0.0,0.0,1.0,1.0,1.0,0.0,0.0,0.0,1.0
4000.0,0.340922614,3.604268687852969E-8,4000.0,90.725,88.63274956936199,88.65443425076452,87.5503355704698,4000.0,30560.0,0.0,0.0,1.0,1.0,1.0,0.0,0.0,0.0,1.0
5000.0,0.392623438,4.158744352051368E-8,5000.0,91.36,89.41039013299374,89.42472460220317,88.41201716738198,5000.0,30560.0,0.0,0.0,1.0,1.0,1.0,0.0,0.0,0.0,1.0
6000.0,0.441932129,4.687565115004364E-8,6000.0,91.58333333333334,89.68827344330195,89.70438328236494,88.69993287088835,6000.0,30560.0,0.0,0.0,1.0,1.0,1.0,0.0,0.0,0.0,1.0
7000.0,0.490533542,5.208800535820011E-8,7000.0,91.88571428571429,90.05846403269304,90.06993006993007,89.11668902088522,7000.0,30560.0,0.0,0.0,1.0,1.0,1.0,0.0,0.0,0.0,1.0
8000.0,0.538652476,5.72486151562507E-8,8000.0,91.9875,90.18517369429028,90.19877675840978,89.24316160429602,8000.0,30560.0,0.0,0.0,1.0,1.0,1.0,0.0,0.0,0.0,1.0
9000.0,0.586600724,6.23909193982391E-8,9000.0,92.17777777777778,90.4169611076541,90.42828008157716,89.50506857483602,9000.0,30560.0,0.0,0.0,1.0,1.0,1.0,0.0,0.0,0.0,1.0
10000.0,0.63399142,6.747342787845682E-8,10000.0,92.21000000000001,90.45770797991993,90.48026396187218,89.53800698361538,10000.0,30560.0,0.0,0.0,1.0,1.0,1.0,0.0,0.0,0.0,1.0
