learning evaluation instances,evaluation time (cpu seconds),model cost (RAM-Hours),classified instances,classifications correct (percent),Kappa Statistic (percent),Kappa Temporal Statistic (percent),Kappa M Statistic (percent),model training instances,model serialized size (bytes),Change detected,Warning detected,tree size (nodes),tree size (leaves),active learning leaves,tree depth,active leaf byte size estimate,inactive leaf byte size estimate,byte size estimate overhead
1000.0,0.10114145,9.767844906283749E-9,1000.0,83.2,79.43776987927032,79.31034482758619,76.85950413223141,1000.0,30560.0,0.0,0.0,1.0,1.0,1.0,0.0,0.0,0.0,1.0
2000.0,0.206919896,2.0447841350630752E-8,2000.0,87.35000000000001,84.53141498422877,84.57317073170731,82.89384719405002,2000.0,30560.0,0.0,0.0,1.0,1.0,1.0,0.0,0.0,0.0,1.0
3000.0,0.273624379,2.7182707178230497E-8,3000.0,88.66666666666667,86.13666879645491,86.12811097511221,84.65011286681717,3000.0,30560.0,0.0,0.0,1.0,1.0,1.0,0.0,0.0,0.0,1.0
4000.0,0.324273244,3.2296506052816074E-8,4000.0,89.5,87.16234777734773,87.17557251908397,85.85858585858585,4000.0,30560.0,0.0,0.0,1.0,1.0,1.0,0.0,0.0,0.0,1.0
5000.0,0.371461874,3.706093982615404E-8,5000.0,89.9,87.64843765210153,87.64374847076095,86.3734484619536,5000.0,30560.0,0.0,0.0,1.0,1.0,1.0,0.0,0.0,0.0,1.0
6000.0,0.418023848,4.17621028283197E-8,6000.0,90.23333333333333,88.06013859611815,88.06517311608961,86.86687584043028,6000.0,30560.0,0.0,0.0,1.0,1.0,1.0,0.0,0.0,0.0,1.0
7000.0,0.46386246,4.6390231068866946E-8,7000.0,90.44285714285715,88.31412033810946,88.30828381684726,87.12718876274775,7000.0,30560.0,0.0,0.0,1.0,1.0,1.0,0.0,0.0,0.0,1.0
8000.0,0.509155219,5.096324687092048E-8,8000.0,90.6125,88.5237228859582,88.52383863080682,87.38239247311827,8000.0,30560.0,0.0,0.0,1.0,1.0,1.0,0.0,0.0,0.0,1.0
9000.0,0.554037544,5.549482291065571E-8,9000.0,90.72222222222223,88.65611645747077,88.6518075564012,87.51308509047406,9000.0,30560.0,0.0,0.0,1.0,1.0,1.0,0.0,0.0,0.0,1.0
10000.0,0.598695759,6.000377152397608E-8,10000.0,90.83,88.789629500189,88.79384088964927,87.67141704759344,10000.0,30560.0,0.0,0.0,1.0,1.0,1.0,0.0,0.0,0.0,1.0
