learning evaluation instances,evaluation time (cpu seconds),model cost (RAM-Hours),classified instances,classifications correct (percent),Kappa Statistic (percent),Kappa Temporal Statistic (percent),Kappa M Statistic (percent),model training instances,model serialized size (bytes),Change detected,Warning detected,tree size (nodes),tree size (leaves),active learning leaves,tree depth,active leaf byte size estimate,inactive leaf byte size estimate,byte size estimate overhead
1000.0,0.134340415,1.3008546781664093E-8,1000.0,67.60000000000001,60.09852216748769,60.14760147601477,56.21621621621622,73.0,30240.0,6.0,0.0,1.0,1.0,1.0,0.0,0.0,0.0,1.0
2000.0,0.27019608,2.6775077827171316E-8,2000.0,69.45,62.45659235509304,62.721171446003666,59.13043478260869,49.0,30240.0,6.0,0.0,1.0,1.0,1.0,0.0,0.0,0.0,1.0
3000.0,0.357703167,3.565430199972871E-8,3000.0,71.86666666666667,65.39687407496088,65.50878626890069,62.38859180035651,345.0,30240.0,3.0,0.0,1.0,1.0,1.0,0.0,0.0,0.0,1.0
4000.0,0.45139347,4.4950157164511165E-8,4000.0,72.475,66.21244759822211,66.35085574572128,63.3,1.0,21592.0,5.0,0.0,1.0,1.0,1.0,0.0,0.0,0.0,1.0
5000.0,0.538487396,5.378385345496444E-8,5000.0,71.22,64.64218828243595,64.73903455035531,61.595943421403796,41.0,30560.0,7.0,0.0,1.0,1.0,1.0,0.0,0.0,0.0,1.0
6000.0,0.61376828,6.141221865209647E-8,6000.0,71.08333333333333,64.51706671145946,64.62071778140293,61.470131023761944,49.0,30240.0,6.0,0.0,1.0,1.0,1.0,0.0,0.0,0.0,1.0
7000.0,0.69309977,6.945399532782742E-8,7000.0,70.32857142857142,63.56151492469121,63.650682534126716,60.4305582015622,185.0,30240.0,7.0,0.0,1.0,1.0,1.0,0.0,0.0,0.0,1.0
8000.0,0.771438505,7.736530516169344E-8,8000.0,70.175,63.3819781858034,63.51124025080287,60.273060273060274,33.0,28960.0,7.0,0.0,1.0,1.0,1.0,0.0,0.0,0.0,1.0
9000.0,0.832832788,8.359337416149054E-8,9000.0,70.77777777777777,64.10019621586038,64.20794774088186,61.04857819905213,233.0,30240.0,3.0,0.0,1.0,1.0,1.0,0.0,0.0,0.0,1.0
10000.0,0.907962836,9.12064548397416E-8,10000.0,70.49,63.78227262152378,63.844645920117614,60.726643598615915,49.0,30240.0,8.0,0.0,1.0,1.0,1.0,0.0,0.0,0.0,1.0
