learning evaluation instances,evaluation time (cpu seconds),model cost (RAM-Hours),classified instances,classifications correct (percent),Kappa Statistic (percent),Kappa Temporal Statistic (percent),Kappa M Statistic (percent),model training instances,model serialized size (bytes),Change detected,Warning detected,tree size (nodes),tree size (leaves),active learning leaves,tree depth,active leaf byte size estimate,inactive leaf byte size estimate,byte size estimate overhead
1000.0,0.13993973,1.3478049004678098E-8,1000.0,68.2,60.84119998325285,60.1003764115433,57.085020242914986,73.0,30560.0,6.0,0.0,1.0,1.0,1.0,0.0,0.0,0.0,1.0
2000.0,0.273623977,2.7042806307735544E-8,2000.0,72.25,65.90902808788958,65.54934823091249,62.90106951871658,369.0,30240.0,3.0,0.0,1.0,1.0,1.0,0.0,0.0,0.0,1.0
3000.0,0.361600052,3.596816144350916E-8,3000.0,71.03333333333333,64.43374136986168,64.04633843607779,61.39493558418481,121.0,30560.0,6.0,0.0,1.0,1.0,1.0,0.0,0.0,0.0,1.0
4000.0,0.442829953,4.42074221071187E-8,4000.0,70.75,64.09411760373347,63.799504950495056,61.02598267821453,321.0,30240.0,6.0,0.0,1.0,1.0,1.0,0.0,0.0,0.0,1.0
5000.0,0.523524969,5.2387418442956276E-8,5000.0,70.67999999999999,63.969570262164375,63.69489846458642,60.979504924141594,73.0,30240.0,6.0,0.0,1.0,1.0,1.0,0.0,0.0,0.0,1.0
6000.0,0.607287653,6.088358277238905E-8,6000.0,70.58333333333333,63.847930672962065,63.6232481450948,60.8734205275992,17.0,30240.0,6.0,0.0,1.0,1.0,1.0,0.0,0.0,0.0,1.0
7000.0,0.693730891,6.964519886044993E-8,7000.0,69.37142857142857,62.34457508846253,62.11344760558403,59.293715587621044,121.0,30240.0,8.0,0.0,1.0,1.0,1.0,0.0,0.0,0.0,1.0
8000.0,0.76483086,7.667744491720779E-8,8000.0,69.825,62.92085439859333,62.695101220831404,59.89367004485796,1.0,20624.0,5.0,0.0,1.0,1.0,1.0,0.0,0.0,0.0,1.0
9000.0,0.835884481,8.388598202354791E-8,9000.0,69.33333333333334,62.29734939134352,62.08270366808628,59.25597874224978,105.0,30560.0,7.0,0.0,1.0,1.0,1.0,0.0,0.0,0.0,1.0
10000.0,0.90513341,9.09165888336011E-8,10000.0,69.39999999999999,62.40044550311355,62.17552533992583,59.362549800796806,369.0,30560.0,6.0,0.0,1.0,1.0,1.0,0.0,0.0,0.0,1.0
