learning evaluation instances,evaluation time (cpu seconds),model cost (RAM-Hours),classified instances,classifications correct (percent),Kappa Statistic (percent),Kappa Temporal Statistic (percent),Kappa M Statistic (percent),model training instances,model serialized size (bytes),Change detected,Warning detected,tree size (nodes),tree size (leaves),active learning leaves,tree depth,active leaf byte size estimate,inactive leaf byte size estimate,byte size estimate overhead
1000.0,0.140118591,1.350745527733738E-8,1000.0,71.8,65.41909724223432,65.48347613219093,63.04062909567496,329.0,30560.0,4.0,0.0,1.0,1.0,1.0,0.0,0.0,0.0,1.0
2000.0,0.270658692,2.6754261061592646E-8,2000.0,71.6,65.09573937578523,65.76250753465943,62.35917826375083,177.0,30560.0,6.0,0.0,1.0,1.0,1.0,0.0,0.0,0.0,1.0
3000.0,0.363839498,3.620417568839465E-8,3000.0,70.63333333333334,63.988224435522575,64.56154465004022,61.25769569041337,89.0,30560.0,7.0,0.0,1.0,1.0,1.0,0.0,0.0,0.0,1.0
4000.0,0.465968071,4.655941283216286E-8,4000.0,69.3,62.28871855345911,63.13419393575502,59.29731521378853,225.0,30240.0,8.0,0.0,1.0,1.0,1.0,0.0,0.0,0.0,1.0
5000.0,0.545006819,5.448988851622782E-8,5000.0,70.08,63.27686611452354,63.99518652226233,60.444209413008984,9.0,26392.0,6.0,0.0,1.0,1.0,1.0,0.0,0.0,0.0,1.0
6000.0,0.633239681,6.34296083622281E-8,6000.0,69.05,61.94558019875049,62.867426514697065,58.96132596685083,49.0,30240.0,8.0,0.0,1.0,1.0,1.0,0.0,0.0,0.0,1.0
7000.0,0.709104778,7.111717305171615E-8,7000.0,69.67142857142858,62.74358253759297,63.559903879162384,59.860086972962755,89.0,30240.0,5.0,0.0,1.0,1.0,1.0,0.0,0.0,0.0,1.0
8000.0,0.790514634,7.936761037390887E-8,8000.0,69.6375,62.66687036712422,63.59412470023981,59.75144987572494,33.0,30240.0,7.0,0.0,1.0,1.0,1.0,0.0,0.0,0.0,1.0
9000.0,0.866899424,8.711416006876984E-8,9000.0,69.8,62.88898467784757,63.73098478783026,60.01765225066195,9.0,30560.0,6.0,0.0,1.0,1.0,1.0,0.0,0.0,0.0,1.0
10000.0,0.93768704,9.428897130364139E-8,10000.0,69.72,62.76947086282599,63.688691689651044,59.8834128245893,81.0,30240.0,6.0,0.0,1.0,1.0,1.0,0.0,0.0,0.0,1.0
