learning evaluation instances,evaluation time (cpu seconds),model cost (RAM-Hours),classified instances,classifications correct (percent),Kappa Statistic (percent),Kappa Temporal Statistic (percent),Kappa M Statistic (percent),model training instances,model serialized size (bytes),Change detected,Warning detected,tree size (nodes),tree size (leaves),active learning leaves,tree depth,active leaf byte size estimate,inactive leaf byte size estimate,byte size estimate overhead
1000.0,0.101325974,1.0067508783174887E-8,1000.0,84.39999999999999,80.99155830230245,81.38424821002386,79.14438502673796,1000.0,30560.0,0.0,0.0,1.0,1.0,1.0,0.0,0.0,0.0,1.0
2000.0,0.205970202,2.0925793836158184E-8,2000.0,88.75,86.30381724787685,86.4212432106216,85.17786561264822,2000.0,30560.0,0.0,0.0,1.0,1.0,1.0,0.0,0.0,0.0,1.0
3000.0,0.270552979,2.7627149616423993E-8,3000.0,89.8,87.56603343734704,87.68611670020121,86.49006622516556,3000.0,30560.0,0.0,0.0,1.0,1.0,1.0,0.0,0.0,0.0,1.0
4000.0,0.319883685,3.274589221551807E-8,4000.0,90.9,88.91341744516406,88.98971566848155,88.00263678312459,4000.0,30560.0,0.0,0.0,1.0,1.0,1.0,0.0,0.0,0.0,1.0
5000.0,0.367119034,3.764721256372829E-8,5000.0,91.12,89.17563171403384,89.25459825750242,88.25707484792383,5000.0,30560.0,0.0,0.0,1.0,1.0,1.0,0.0,0.0,0.0,1.0
6000.0,0.413647414,4.247517510642607E-8,6000.0,91.61666666666667,89.78359985454662,89.84863773965691,88.9426247526929,6000.0,30560.0,0.0,0.0,1.0,1.0,1.0,0.0,0.0,0.0,1.0
7000.0,0.458407443,4.7119646790634E-8,7000.0,91.65714285714286,89.8312778153605,89.8961937716263,88.97697244243112,7000.0,30560.0,0.0,0.0,1.0,1.0,1.0,0.0,0.0,0.0,1.0
8000.0,0.503827878,5.183264472550815E-8,8000.0,91.9625,90.2051687728061,90.25757575757576,89.40168122630625,8000.0,30560.0,0.0,0.0,1.0,1.0,1.0,0.0,0.0,0.0,1.0
9000.0,0.548430714,5.646080546323623E-8,9000.0,91.93333333333334,90.16901781461539,90.22617124394185,89.35171604576122,9000.0,30560.0,0.0,0.0,1.0,1.0,1.0,0.0,0.0,0.0,1.0
10000.0,0.592517445,6.103541317358406E-8,10000.0,92.14,90.4210874130249,90.46694966646453,89.63060686015831,10000.0,30560.0,0.0,0.0,1.0,1.0,1.0,0.0,0.0,0.0,1.0
