learning evaluation instances,evaluation time (cpu seconds),model cost (RAM-Hours),classified instances,classifications correct (percent),Kappa Statistic (percent),Kappa Temporal Statistic (percent),Kappa M Statistic (percent),model training instances,model serialized size (bytes),Change detected,Warning detected,tree size (nodes),tree size (leaves),active learning leaves,tree depth,active leaf byte size estimate,inactive leaf byte size estimate,byte size estimate overhead
1000.0,0.115568897,1.185673260457814E-8,1000.0,85.5,82.27247330784645,82.5511432009627,80.79470198675497,1000.0,30560.0,0.0,1.0,1.0,1.0,1.0,0.0,0.0,0.0,1.0
2000.0,0.221634288,2.320580213884306E-8,2000.0,89.25,86.88737351651976,87.09483793517407,85.78982154659617,2000.0,30560.0,0.0,0.0,1.0,1.0,1.0,0.0,0.0,0.0,1.0
3000.0,0.289393251,3.045605762186564E-8,3000.0,90.56666666666666,88.49192272590429,88.63453815261043,87.5659050966608,3000.0,30560.0,0.0,0.0,1.0,1.0,1.0,0.0,0.0,0.0,1.0
4000.0,0.34254968,3.6143831958305096E-8,4000.0,91.4,89.51448643044239,89.65413533834585,88.65061035961729,4000.0,30560.0,0.0,0.0,1.0,1.0,1.0,0.0,0.0,0.0,1.0
5000.0,0.392612369,4.1500573994293816E-8,5000.0,91.74,89.92797109244786,90.0433944069431,89.11439114391145,5000.0,30560.0,0.0,0.0,1.0,1.0,1.0,0.0,0.0,0.0,1.0
6000.0,0.44548428,4.715790470972451E-8,6000.0,92.11666666666667,90.38996037331651,90.50772626931568,89.6043956043956,6000.0,30560.0,0.0,0.0,1.0,1.0,1.0,0.0,0.0,0.0,1.0
7000.0,0.497351697,5.2707753878674586E-8,7000.0,92.25714285714287,90.56098781128465,90.66643705872224,89.79860718991154,7000.0,30560.0,0.0,0.0,1.0,1.0,1.0,0.0,0.0,0.0,1.0
8000.0,0.548737138,5.8206031285278094E-8,8000.0,92.4875,90.84369765310718,90.95152062631739,90.09721535673093,8000.0,30560.0,0.0,0.0,1.0,1.0,1.0,0.0,0.0,0.0,1.0
9000.0,0.599743042,6.366369797274678E-8,9000.0,92.57777777777778,90.95386620728999,91.05277256897938,90.22534386889085,9000.0,30560.0,0.0,0.0,1.0,1.0,1.0,0.0,0.0,0.0,1.0
10000.0,0.647385603,6.876148465397872E-8,10000.0,92.72,91.12836281661905,91.24052460594393,90.40969569226716,10000.0,30560.0,0.0,0.0,1.0,1.0,1.0,0.0,0.0,0.0,1.0
