learning evaluation instances,evaluation time (cpu seconds),model cost (RAM-Hours),classified instances,classifications correct (percent),Kappa Statistic (percent),Kappa Temporal Statistic (percent),Kappa M Statistic (percent),model training instances,model serialized size (bytes),Change detected,Warning detected,tree size (nodes),tree size (leaves),active learning leaves,tree depth,active leaf byte size estimate,inactive leaf byte size estimate,byte size estimate overhead
1000.0,0.115702794,1.1229916434772312E-8,1000.0,76.2,70.49090487532408,71.08140947752126,67.57493188010899,401.0,30240.0,2.0,0.0,1.0,1.0,1.0,0.0,0.0,0.0,1.0
2000.0,0.248746961,2.4469245572702753E-8,2000.0,75.8,70.18913270701769,70.87845968712395,67.6686706746827,1.0,22560.0,4.0,0.0,1.0,1.0,1.0,0.0,0.0,0.0,1.0
3000.0,0.324569126,3.226246218777986E-8,3000.0,77.36666666666666,72.05733335875655,72.74187073464472,69.63327370304113,601.0,30240.0,1.0,0.0,1.0,1.0,1.0,0.0,0.0,0.0,1.0
4000.0,0.377409902,3.780677378582251E-8,4000.0,80.45,75.9355552939855,76.50946230099129,73.93333333333332,1601.0,30240.0,0.0,0.0,1.0,1.0,1.0,0.0,0.0,0.0,1.0
5000.0,0.434791183,4.3950766663938344E-8,5000.0,82.42,78.35922233434613,78.8701923076923,76.49732620320856,2601.0,30240.0,0.0,0.0,1.0,1.0,1.0,0.0,0.0,0.0,1.0
6000.0,0.491870419,5.018503915194629E-8,6000.0,83.71666666666667,79.97559632551166,80.45609121824364,78.29371250833147,3601.0,30240.0,0.0,0.0,1.0,1.0,1.0,0.0,0.0,0.0,1.0
7000.0,0.547354557,5.636463117869571E-8,7000.0,84.74285714285715,81.23686881991249,81.67781780751415,79.62609690957649,4601.0,30240.0,0.0,0.0,1.0,1.0,1.0,0.0,0.0,0.0,1.0
8000.0,0.597044834,6.200536577311448E-8,8000.0,85.5,82.18088049953136,82.60608786924575,80.68598068598068,5601.0,30240.0,0.0,0.0,1.0,1.0,1.0,0.0,0.0,0.0,1.0
9000.0,0.645902659,6.765706662726072E-8,9000.0,86.11111111111111,82.92895803185242,83.32888770338758,81.4650059311981,6601.0,30240.0,0.0,0.0,1.0,1.0,1.0,0.0,0.0,0.0,1.0
10000.0,0.694356643,7.336584304403928E-8,10000.0,86.58,83.5122591083619,83.8914896170928,82.11858760826118,7601.0,30240.0,0.0,0.0,1.0,1.0,1.0,0.0,0.0,0.0,1.0
