learning evaluation instances,evaluation time (cpu seconds),model cost (RAM-Hours),classified instances,classifications correct (percent),Kappa Statistic (percent),Kappa Temporal Statistic (percent),Kappa M Statistic (percent),model training instances,model serialized size (bytes),Change detected,Warning detected,tree size (nodes),tree size (leaves),active learning leaves,tree depth,active leaf byte size estimate,inactive leaf byte size estimate,byte size estimate overhead
1000.0,0.131363658,1.2255671825222671E-8,1000.0,78.4,73.60097383074313,74.37722419928826,70.69199457259158,1.0,19008.0,3.0,0.0,1.0,1.0,1.0,0.0,0.0,0.0,1.0
2000.0,0.257647361,2.512726607428036E-8,2000.0,75.6,69.9901545568536,70.33434650455928,66.87033265444671,201.0,30240.0,3.0,0.0,1.0,1.0,1.0,0.0,0.0,0.0,1.0
3000.0,0.334127037,3.2994394840997544E-8,3000.0,77.0,71.79636704507676,72.30028101164191,68.9608636977058,601.0,30560.0,2.0,0.0,1.0,1.0,1.0,0.0,0.0,0.0,1.0
4000.0,0.380812895,3.789676731547755E-8,4000.0,79.75,75.13919747487907,75.40236866079563,72.58883248730965,1601.0,30560.0,0.0,0.0,1.0,1.0,1.0,0.0,0.0,0.0,1.0
5000.0,0.451513636,4.4867286101022945E-8,5000.0,80.10000000000001,75.60655825158793,75.9487551365724,73.15888858915565,1.0,19008.0,3.0,0.0,1.0,1.0,1.0,0.0,0.0,0.0,1.0
6000.0,0.51861943,5.1707112077054465E-8,6000.0,78.75,73.89156021647139,74.18505770398866,71.26436781609193,201.0,30240.0,3.0,0.0,1.0,1.0,1.0,0.0,0.0,0.0,1.0
7000.0,0.590049602,5.8797296664816224E-8,7000.0,78.34285714285714,73.41557303807016,73.78523257824659,70.78998073217727,1.0,21592.0,4.0,0.0,1.0,1.0,1.0,0.0,0.0,0.0,1.0
8000.0,0.653328369,6.50942162716368E-8,8000.0,78.075,73.0625841482292,73.36370539104024,70.36160865157149,1.0,22560.0,3.0,0.0,1.0,1.0,1.0,0.0,0.0,0.0,1.0
9000.0,0.719368902,7.18309315566139E-8,9000.0,77.5111111111111,72.37273817149841,72.75541795665634,69.6642685851319,201.0,30560.0,3.0,0.0,1.0,1.0,1.0,0.0,0.0,0.0,1.0
10000.0,0.791880756,7.899816995762702E-8,10000.0,77.45,72.28367850478078,72.62352798348914,69.5517148258169,1.0,19976.0,4.0,0.0,1.0,1.0,1.0,0.0,0.0,0.0,1.0
