learning evaluation instances,evaluation time (cpu seconds),model cost (RAM-Hours),classified instances,classifications correct (percent),Kappa Statistic (percent),Kappa Temporal Statistic (percent),Kappa M Statistic (percent),model training instances,model serialized size (bytes),Change detected,Warning detected
1000.0,0.04057723,3.1556738989841607E-9,1000.0,79.7,69.63309902451942,69.24242424242425,68.67283950617285,1000.0,7888.0,0.0,8.0
2000.0,0.141200041,1.1428595337387589E-8,2000.0,78.60000000000001,68.10796794105639,67.47720364741642,66.51017214397497,672.0,7888.0,1.0,11.0
3000.0,0.176622148,1.4325505208861496E-8,3000.0,79.33333333333333,69.18170466926998,68.6710459828196,67.87564766839378,1672.0,7888.0,0.0,4.0
4000.0,0.23319728,1.897695171241131E-8,4000.0,78.875,68.52651380484836,67.95601061812665,67.01795472287274,663.0,7888.0,1.0,11.0
5000.0,0.259054863,2.1102888670642344E-8,5000.0,79.22,69.03301521686039,68.46737481031866,67.64247897851136,1663.0,7888.0,0.0,4.0
6000.0,0.281960496,2.2986124692600634E-8,6000.0,78.96666666666667,68.6725113202203,68.09908998988877,67.14397292371778,652.0,7888.0,1.0,9.0
7000.0,0.308721013,2.517466773615943E-8,7000.0,79.21428571428571,69.03055888697075,68.45186470078059,67.62349799732978,1652.0,7888.0,0.0,4.0
8000.0,0.3340324,2.725569801216738E-8,8000.0,79.0,68.72583101854455,68.13353566009106,67.19390743995314,643.0,7888.0,1.0,11.0
9000.0,0.35784707,2.921367247177081E-8,9000.0,79.2,69.013244538966,68.43170320404724,67.59002770083103,1643.0,7888.0,0.0,4.0
10000.0,0.382091871,3.1201742475502605E-8,10000.0,79.08,68.84483189374218,68.24529447480265,67.33291692692066,632.0,7888.0,1.0,8.0
