learning evaluation instances,evaluation time (cpu seconds),model cost (RAM-Hours),classified instances,classifications correct (percent),Kappa Statistic (percent),Kappa Temporal Statistic (percent),Kappa M Statistic (percent),model training instances,model serialized size (bytes),Change detected,Warning detected
1000.0,0.038154676,2.800182678707772E-9,1000.0,88.8,77.55798855457417,77.0961145194274,75.43859649122807,1000.0,1408.0,0.0,3.0
2000.0,0.163755076,1.253012058229082E-8,2000.0,93.5,86.8447682655333,86.92152917505031,85.55555555555556,2000.0,1408.0,0.0,0.0
3000.0,0.231247868,1.7758612490751675E-8,3000.0,92.0,83.91507157793149,83.50515463917526,82.97872340425533,3000.0,1408.0,0.0,0.0
4000.0,0.294215908,2.2636583572932413E-8,4000.0,93.4,86.61496528003116,86.58536585365854,85.2017937219731,4000.0,1408.0,0.0,0.0
5000.0,0.340160726,2.619580970701658E-8,5000.0,93.8,87.55524867423253,87.91423001949316,86.83651804670912,5000.0,1408.0,0.0,0.0
6000.0,0.390770852,3.011644517690771E-8,6000.0,92.7,85.34972023986322,85.0715746421268,84.59915611814347,6000.0,1408.0,0.0,0.0
7000.0,0.442395478,3.411567133602583E-8,7000.0,93.30000000000001,86.5064084490023,85.80508474576273,85.62231759656653,7000.0,1408.0,0.0,0.0
8000.0,0.495456051,3.822613659265348E-8,8000.0,93.7,87.23487028196755,87.42514970059881,86.03104212860312,8000.0,1408.0,0.0,0.0
9000.0,0.54766477,4.227061092470669E-8,9000.0,94.0,87.91550521244541,88.09523809523809,87.012987012987,9000.0,1408.0,0.0,0.0
10000.0,0.588087905,4.5402086568240906E-8,10000.0,92.7,85.34619121413833,84.82328482328482,84.56659619450319,10000.0,1408.0,0.0,0.0
