learning evaluation instances,evaluation time (cpu seconds),model cost (RAM-Hours),classified instances,classifications correct (percent),Kappa Statistic (percent),Kappa Temporal Statistic (percent),Kappa M Statistic (percent),model training instances,model serialized size (bytes),Change detected,Warning detected
1000.0,0.045877059,3.583410721104592E-9,1000.0,81.10000000000001,71.47286072869484,71.57894736842105,70.56074766355141,941.0,7888.0,1.0,3.0
2000.0,0.141254575,1.1370993001905994E-8,2000.0,79.25,68.82324658933831,68.77351392024079,67.97839506172839,152.0,7888.0,2.0,6.0
3000.0,0.178654914,1.4445942541098014E-8,3000.0,80.0,69.8946110684804,69.92481203007519,69.15167095115682,1152.0,7888.0,0.0,3.0
4000.0,0.228798131,1.846853455201412E-8,4000.0,79.3,68.89744835117035,68.89556724267469,68.15384615384616,142.0,7888.0,2.0,5.0
5000.0,0.261020967,2.1117804514771947E-8,5000.0,79.75999999999999,69.55580108795293,69.58220619176436,68.86153846153846,1142.0,7888.0,0.0,4.0
6000.0,0.284556082,2.300583985113642E-8,6000.0,79.35,68.96813928722062,68.993993993994,68.24705279343925,132.0,7888.0,2.0,5.0
7000.0,0.310882135,2.517029308085433E-8,7000.0,79.68571428571428,69.4541208351895,69.48497854077253,68.78841088674275,1132.0,7888.0,0.0,4.0
8000.0,0.33695078,2.7261573405218205E-8,8000.0,79.35,68.96967365540085,69.00562851782364,68.27956989247312,122.0,7888.0,2.0,5.0
9000.0,0.360477607,2.9195882231731794E-8,9000.0,79.61111111111111,69.34576171048978,69.38094443517436,68.68600682593856,1122.0,7888.0,0.0,4.0
10000.0,0.384475012,3.1153136785659525E-8,10000.0,79.5,69.18634021142319,69.19146378118425,68.50030731407499,631.0,7888.0,1.0,4.0
