learning evaluation instances,evaluation time (cpu seconds),model cost (RAM-Hours),classified instances,classifications correct (percent),Kappa Statistic (percent),Kappa Temporal Statistic (percent),Kappa M Statistic (percent),model training instances,model serialized size (bytes),Change detected,Warning detected
1000.0,0.038003213,2.77923530706101E-9,1000.0,93.4,86.68157254305284,86.47540983606558,85.43046357615896,1000.0,1408.0,0.0,0.0
2000.0,0.174997927,1.3356420594478648E-8,2000.0,93.10000000000001,86.11759403821083,86.28230616302189,85.38135593220339,2000.0,1408.0,0.0,0.0
3000.0,0.230256183,1.762283931463129E-8,3000.0,94.89999999999999,89.71940009675858,89.8406374501992,88.91304347826086,3000.0,1408.0,0.0,0.0
4000.0,0.288635685,2.2130245415286886E-8,4000.0,93.4,86.69639149697848,87.08414872798436,85.86723768736618,4000.0,1408.0,0.0,0.0
5000.0,0.332558931,2.5535501809087063E-8,5000.0,94.19999999999999,88.31742757812215,88.32997987927564,87.63326226012792,5000.0,1408.0,0.0,4.0
6000.0,0.382153556,2.9380445643141865E-8,6000.0,93.30000000000001,86.51390476803917,86.2422997946612,85.80508474576273,6000.0,1408.0,0.0,0.0
7000.0,0.440191478,3.387997659705579E-8,7000.0,95.6,91.10381444174412,90.96509240246405,90.20044543429843,7000.0,1408.0,0.0,0.0
8000.0,0.492620585,3.794467053686579E-8,8000.0,93.4,86.7027170781437,87.08414872798436,85.92750533049042,8000.0,1408.0,0.0,0.0
9000.0,0.544411156,4.195986042142742E-8,9000.0,94.1,88.115285756875,88.12877263581488,87.3661670235546,9000.0,1408.0,0.0,0.0
10000.0,0.58488561,4.509774083375103E-8,10000.0,93.60000000000001,87.0787991358947,86.96537678207741,86.23655913978496,10000.0,1408.0,0.0,0.0
