learning evaluation instances,evaluation time (cpu seconds),model cost (RAM-Hours),classified instances,classifications correct (percent),Kappa Statistic (percent),Kappa Temporal Statistic (percent),Kappa M Statistic (percent),model training instances,model serialized size (bytes),Change detected,Warning detected
1000.0,0.037432528,2.74943067530791E-9,1000.0,93.89999999999999,87.42993735575337,87.23849372384936,86.0091743119266,1000.0,1408.0,0.0,1.0
2000.0,0.152643885,1.1681471127478613E-8,2000.0,95.1,90.03206014939703,89.79166666666666,89.06249999999999,2000.0,1408.0,0.0,0.0
3000.0,0.214581773,1.6483356423717406E-8,3000.0,94.89999999999999,89.57660581584518,89.375,88.48758465011286,3000.0,1408.0,0.0,0.0
4000.0,0.27292065,2.100621964542402E-8,4000.0,94.6,89.09002747696782,88.7966804979253,88.36206896551722,4000.0,1408.0,0.0,0.0
5000.0,0.317532103,2.4464830959464113E-8,5000.0,94.5,88.79426266248318,88.75255623721881,87.66816143497756,5000.0,1408.0,0.0,0.0
6000.0,0.366157427,2.8234627377779948E-8,6000.0,94.1,88.04506402982653,88.45401174168298,87.03296703296702,6000.0,1408.0,0.0,0.0
7000.0,0.418898993,3.2323545460941065E-8,7000.0,94.8,89.39381577873867,89.16666666666666,88.34080717488789,7000.0,1408.0,0.0,0.0
8000.0,0.46960944,3.625499610735311E-8,8000.0,94.69999999999999,89.27820035604466,89.0721649484536,88.4782608695652,8000.0,1408.0,0.0,0.0
9000.0,0.516754853,3.9910058828733035E-8,9000.0,95.0,89.8241615109085,89.73305954825462,88.78923766816142,9000.0,1408.0,0.0,0.0
10000.0,0.555331808,4.2900831019547254E-8,10000.0,93.4,86.7076982566945,87.00787401574804,86.0169491525424,10000.0,1408.0,0.0,0.0
