learning evaluation instances,evaluation time (cpu seconds),model cost (RAM-Hours),classified instances,classifications correct (percent),Kappa Statistic (percent),Kappa Temporal Statistic (percent),Kappa M Statistic (percent),model training instances,model serialized size (bytes),Change detected,Warning detected
1000.0,0.033912791,2.673108043823805E-9,1000.0,80.4,70.7518563617697,70.87667161961367,69.37500000000001,307.0,7888.0,1.0,13.0
2000.0,0.117381303,9.707016724766128E-9,2000.0,81.25,71.95538288380928,71.88905547226386,71.35217723453017,1307.0,7888.0,0.0,1.0
3000.0,0.15408224,1.2799812237438228E-8,3000.0,81.83333333333334,72.83675487771306,72.8990551964197,72.2080571137175,2307.0,7888.0,0.0,8.0
4000.0,0.209416131,1.7462810617656344E-8,4000.0,81.95,72.99020670534952,72.96892549606888,72.53708634461773,3307.0,7888.0,0.0,0.0
5000.0,0.238937257,1.9950561980021498E-8,5000.0,82.1,73.22282748272558,73.26762246117084,72.72173117951843,4307.0,7888.0,0.0,0.0
6000.0,0.260766802,2.1790142228876552E-8,6000.0,82.11666666666667,73.23673615886554,73.2218617419516,72.82168186423506,5307.0,7888.0,0.0,0.0
7000.0,0.288643218,2.4139293541121816E-8,7000.0,82.21428571428572,73.3900572429791,73.4201537147737,72.92889758643183,6307.0,7888.0,0.0,0.0
8000.0,0.317204402,2.654615039362676E-8,8000.0,82.25,73.43287150808305,73.42317050346247,73.04991459479977,7307.0,7888.0,0.0,0.0
9000.0,0.345167332,2.8902592258453373E-8,9000.0,82.32222222222222,73.54697392548921,73.58020591165725,73.125,8307.0,7888.0,0.0,0.0
10000.0,0.372642344,3.121791717302468E-8,10000.0,82.35,73.58177026596661,73.5897052222056,73.20886460230722,9307.0,7888.0,0.0,0.0
