learning evaluation instances,evaluation time (cpu seconds),model cost (RAM-Hours),classified instances,classifications correct (percent),Kappa Statistic (percent),Kappa Temporal Statistic (percent),Kappa M Statistic (percent),model training instances,model serialized size (bytes),Change detected,Warning detected
1000.0,0.030797448,2.4889913375178972E-9,1000.0,78.5,67.67422839134933,67.22560975609757,66.19496855345912,819.0,7888.0,1.0,4.0
2000.0,0.119398071,9.955384068426986E-9,2000.0,79.55,69.3044224522014,69.1320754716981,68.2699767261443,1819.0,7888.0,0.0,9.0
3000.0,0.163532577,1.3674607970279952E-8,3000.0,79.80000000000001,69.67930106953014,69.3474962063733,68.68217054263567,2819.0,7888.0,0.0,0.0
4000.0,0.212654973,1.781416238875439E-8,4000.0,79.95,69.91834537396568,69.72442431106077,68.99884035562428,3819.0,7888.0,0.0,0.0
5000.0,0.250317841,2.0988020024725963E-8,5000.0,80.12,70.17137236774364,69.86052152819892,69.26406926406926,4819.0,7888.0,0.0,0.0
6000.0,0.274534264,2.302874297377136E-8,6000.0,80.15,70.22901412126265,70.02265290712309,69.375160709694,5819.0,7888.0,0.0,0.0
7000.0,0.304356441,2.5541863965851567E-8,7000.0,80.24285714285713,70.36212487124698,70.05845421086813,69.49040370615485,6819.0,7888.0,0.0,0.0
8000.0,0.336090849,2.8216129057767492E-8,8000.0,80.25,70.38062536716659,70.16052880075543,69.53335904357887,7819.0,7888.0,0.0,0.0
9000.0,0.365931259,3.073078654850937E-8,9000.0,80.31111111111112,70.46731146369972,70.178391114103,69.62112120692612,8819.0,7888.0,0.0,0.0
10000.0,0.395255336,3.3201932551099197E-8,10000.0,80.23,70.35975076643358,70.1629942650166,69.53775038520801,9819.0,7888.0,0.0,0.0
