learning evaluation instances,evaluation time (cpu seconds),model cost (RAM-Hours),classified instances,classifications correct (percent),Kappa Statistic (percent),Kappa Temporal Statistic (percent),Kappa M Statistic (percent),model training instances,model serialized size (bytes),Change detected,Warning detected
1000.0,0.027006602,2.010751323050095E-9,1000.0,89.9,79.80161587073034,81.08614232209737,78.95833333333334,1000.0,1184.0,0.0,2.0
2000.0,0.139664588,1.0856051664037838E-8,2000.0,87.1,74.15023921048018,74.55621301775149,72.72727272727273,22.0,1184.0,2.0,7.0
3000.0,0.189219081,1.4757470517615892E-8,3000.0,85.2,70.36797106917344,71.11255692908263,69.23076923076923,835.0,1184.0,1.0,6.0
4000.0,0.231790933,1.809998382166235E-8,4000.0,85.175,70.35037062036726,70.5999008428359,69.9746835443038,12.0,1184.0,2.0,9.0
5000.0,0.264957048,2.0710804581453816E-8,5000.0,84.3,68.60056267791681,69.11880409126671,68.06346623270952,825.0,1184.0,1.0,6.0
6000.0,0.297038381,2.32378253164577E-8,6000.0,84.51666666666667,69.02666374159236,69.26893814091962,68.26101810727707,269.0,1184.0,1.0,9.0
7000.0,0.32027147,2.506696342208733E-8,7000.0,83.91428571428573,67.82163666292166,68.25486326473079,67.08564747149957,815.0,1184.0,2.0,6.0
8000.0,0.343931588,2.6929672498789924E-8,8000.0,84.1875,68.37503953120058,68.57142857142857,68.03941384537646,259.0,1184.0,1.0,7.0
9000.0,0.367869079,2.8814020377343724E-8,9000.0,83.6888888888889,67.37797109350464,67.73626373626374,66.89966178128523,805.0,1184.0,2.0,8.0
10000.0,0.389213141,3.049421476151794E-8,10000.0,84.59,69.17648611941762,69.41246526399365,68.5702631042219,1805.0,1184.0,0.0,0.0
