learning evaluation instances,evaluation time (cpu seconds),model cost (RAM-Hours),classified instances,classifications correct (percent),Kappa Statistic (percent),Kappa Temporal Statistic (percent),Kappa M Statistic (percent),model training instances,model serialized size (bytes),Change detected,Warning detected
1000.0,0.021037576,1.560934171858761E-9,1000.0,90.2,80.3773947587621,79.58333333333334,79.41176470588236,1000.0,1184.0,0.0,0.0
2000.0,0.098151504,7.615505870249536E-9,2000.0,87.64999999999999,75.22368896200295,74.53608247422679,73.86243386243385,58.0,1184.0,2.0,3.0
3000.0,0.141526302,1.1029769751023914E-8,3000.0,85.6,71.14459762744468,70.22742935906271,70.41095890410959,770.0,1184.0,1.0,4.0
4000.0,0.203564524,1.5900677936892543E-8,4000.0,85.39999999999999,70.79572887534802,69.86584107327141,70.66800602712205,48.0,1184.0,2.0,3.0
5000.0,0.258253891,2.020613838850417E-8,5000.0,84.58,69.1588058289617,68.16680429397192,68.8861985472155,760.0,1184.0,1.0,4.0
6000.0,0.293242792,2.2953279083404277E-8,6000.0,84.7,69.39046002670833,68.45360824742266,68.82852292020372,38.0,1184.0,2.0,3.0
7000.0,0.331663412,2.5977572940472102E-8,7000.0,84.14285714285714,68.2737489567494,67.29522687094874,67.90052053209948,750.0,1184.0,1.0,4.0
8000.0,0.374208757,2.931800505716147E-8,8000.0,84.3375,68.67364905111532,67.73113571980427,68.59649122807018,28.0,1184.0,2.0,3.0
9000.0,0.40830197,3.20020182080153E-8,9000.0,83.92222222222222,67.84406016111402,66.84994272623138,67.68646717284501,740.0,1184.0,1.0,4.0
10000.0,0.435866465,3.417205325506835E-8,10000.0,84.74000000000001,69.47589756063215,68.62664473684211,69.1093117408907,1740.0,1184.0,0.0,0.0
