learning evaluation instances,evaluation time (cpu seconds),model cost (RAM-Hours),classified instances,classifications correct (percent),Kappa Statistic (percent),Kappa Temporal Statistic (percent),Kappa M Statistic (percent),model training instances,model serialized size (bytes),Change detected,Warning detected
1000.0,0.027790146,2.096063728183508E-9,1000.0,90.2,80.3773947587621,79.58333333333334,79.41176470588236,1000.0,1184.0,0.0,0.0
2000.0,0.12991226,1.0176704297020203E-8,2000.0,88.55,77.03431814990873,76.39175257731958,75.76719576719576,1.0,968.0,1.0,0.0
3000.0,0.182751656,1.4428602782516843E-8,3000.0,86.26666666666667,72.48441674087267,71.60578911095796,71.78082191780823,601.0,1184.0,1.0,0.0
4000.0,0.243384419,1.9226180216251976E-8,4000.0,86.425,72.84645646256836,71.9814241486068,72.72727272727272,1.0,960.0,1.0,0.0
5000.0,0.281531825,2.226315331723955E-8,5000.0,84.86,69.71626904434626,68.74483897605286,69.45117029862793,201.0,1184.0,3.0,0.0
6000.0,0.305563329,2.4164650059011246E-8,6000.0,85.13333333333334,70.25048623668097,69.3470790378007,69.71137521222413,1.0,960.0,1.0,0.0
7000.0,0.334954536,2.6490234190043475E-8,7000.0,84.05714285714285,68.10181808203892,67.1184443134944,67.72700983227298,1.0,960.0,4.0,0.0
8000.0,0.366416727,2.8980010845385904E-8,8000.0,84.3375,68.67341409158838,67.73113571980427,68.59649122807018,1.0,1000.0,1.0,0.0
9000.0,0.399171571,3.157201447065299E-8,9000.0,83.57777777777777,67.1529861891419,66.13974799541809,66.99419383653415,1.0,992.0,4.0,0.0
10000.0,0.42402033,3.359284369313883E-8,10000.0,84.28,68.55124466651516,67.68092105263158,68.17813765182186,1001.0,1184.0,0.0,0.0
