learning evaluation instances,evaluation time (cpu seconds),model cost (RAM-Hours),classified instances,classifications correct (percent),Kappa Statistic (percent),Kappa Temporal Statistic (percent),Kappa M Statistic (percent),model training instances,model serialized size (bytes),Change detected,Warning detected
1000.0,0.03724914,2.7284058491388955E-9,1000.0,91.3,82.54960325419813,82.3529411764706,80.79470198675497,1000.0,1184.0,0.0,0.0
2000.0,0.177614558,1.3598665468854207E-8,2000.0,92.4,84.78977873130745,84.64646464646466,84.42622950819673,2000.0,1184.0,0.0,0.0
3000.0,0.245524709,1.8857802531973767E-8,3000.0,92.60000000000001,85.10520955359911,84.67908902691512,83.8074398249453,3000.0,1184.0,0.0,0.0
4000.0,0.278175866,2.1386392255363364E-8,4000.0,92.60000000000001,85.16867624422781,84.64730290456433,84.51882845188285,4000.0,1184.0,0.0,0.0
5000.0,0.308447223,2.373857800670589E-8,5000.0,90.5,80.99452642361,81.4814814814815,80.0420168067227,5000.0,1184.0,0.0,6.0
6000.0,0.33811504,2.604380527943166E-8,6000.0,92.10000000000001,84.1683366733467,84.04040404040404,83.54166666666667,6000.0,1184.0,0.0,8.0
7000.0,0.375414595,2.8942028342036322E-8,7000.0,92.5,84.91127831650104,84.9397590361446,83.73101952277658,7000.0,1184.0,0.0,0.0
8000.0,0.41333926,3.1888823250033374E-8,8000.0,92.2,84.3579541808381,83.88429752066116,83.61344537815127,8000.0,1184.0,0.0,0.0
9000.0,0.450615224,3.478521326180754E-8,9000.0,91.0,81.99243682346587,82.28346456692914,81.21085594989562,9000.0,1184.0,0.0,0.0
10000.0,0.48635402,3.7562163356706086E-8,10000.0,92.4,84.73803642789727,84.86055776892431,83.86411889596603,10000.0,1184.0,0.0,0.0
