learning evaluation instances,evaluation time (cpu seconds),model cost (RAM-Hours),classified instances,classifications correct (percent),Kappa Statistic (percent),Kappa Temporal Statistic (percent),Kappa M Statistic (percent),model training instances,model serialized size (bytes),Change detected,Warning detected
1000.0,0.038932037,2.851673823065228E-9,1000.0,89.9,79.80161587073034,81.08614232209737,78.95833333333334,1000.0,1184.0,0.0,0.0
2000.0,0.202449767,1.5514908135711322E-8,2000.0,92.9,85.67242729261343,85.56910569105692,84.73118279569893,2000.0,1184.0,0.0,0.0
3000.0,0.286556077,2.202831748099791E-8,3000.0,91.7,83.3985390714383,84.5724907063197,84.00770712909443,3000.0,1184.0,0.0,0.0
4000.0,0.358869665,2.7628468050799436E-8,4000.0,92.7,85.27037933817596,85.10204081632654,84.59915611814347,4000.0,1184.0,0.0,0.0
5000.0,0.406030014,3.128068698542607E-8,5000.0,91.2,82.24345832862517,83.04431599229288,80.95238095238095,5000.0,1184.0,0.0,0.0
6000.0,0.46215084,3.564146299129766E-8,6000.0,91.9,83.77468851408197,83.33333333333334,83.29896907216495,6000.0,1184.0,0.0,4.0
7000.0,0.514731073,3.9727123071381616E-8,7000.0,91.7,83.39468629961588,83.88349514563107,83.26612903225808,7000.0,1184.0,0.0,0.0
8000.0,0.566157012,4.372309064446431E-8,8000.0,92.80000000000001,85.43595054696098,85.27607361963192,84.71337579617835,8000.0,1184.0,0.0,0.0
9000.0,0.609351313,4.707943239522891E-8,9000.0,91.2,82.25026322052838,83.07692307692308,80.99352051835854,9000.0,1184.0,0.0,0.0
10000.0,0.648013167,5.008358784486022E-8,10000.0,91.7,83.38444784318122,83.02658486707567,83.09572301425663,10000.0,1184.0,0.0,0.0
