learning evaluation instances,evaluation time (cpu seconds),model cost (RAM-Hours),classified instances,classifications correct (percent),Kappa Statistic (percent),Kappa Temporal Statistic (percent),Kappa M Statistic (percent),model training instances,model serialized size (bytes),Change detected,Warning detected
1000.0,0.042846031,3.1383640425735046E-9,1000.0,90.60000000000001,81.1384358546295,80.97165991902835,79.74137931034483,1000.0,1184.0,0.0,0.0
2000.0,0.208720791,1.5984132831278775E-8,2000.0,92.2,84.11871060218593,84.08163265306123,82.51121076233184,2000.0,1184.0,0.0,0.0
3000.0,0.301848361,2.319617179413223E-8,3000.0,93.60000000000001,87.12351367120698,87.27634194831015,86.29550321199144,3000.0,1184.0,0.0,0.0
4000.0,0.391931537,3.01724450417815E-8,4000.0,92.7,85.15608478519026,85.04098360655739,83.70535714285715,4000.0,1184.0,0.0,0.0
5000.0,0.443322267,3.4152275580573414E-8,5000.0,92.60000000000001,85.16582205401245,85.43307086614173,84.64730290456433,5000.0,1184.0,0.0,0.0
6000.0,0.490416705,3.779939019754115E-8,6000.0,91.5,82.94131813438229,82.61758691206545,82.58196721311477,6000.0,1184.0,0.0,0.0
7000.0,0.538976635,4.1559996290811234E-8,7000.0,92.80000000000001,85.52548519779826,85.60000000000001,84.58244111349038,7000.0,1184.0,0.0,0.0
8000.0,0.597692611,4.610711275325053E-8,8000.0,92.2,84.11249979631411,84.01639344262296,82.3529411764706,8000.0,1184.0,0.0,0.0
9000.0,0.658632769,5.082647560034775E-8,9000.0,92.7,85.36064942565618,85.4581673306773,84.75991649269312,9000.0,1184.0,0.0,0.0
10000.0,0.707232537,5.4590166850979956E-8,10000.0,92.0,83.94998816311629,84.15841584158417,83.36798336798338,10000.0,1184.0,0.0,0.0
