learning evaluation instances,evaluation time (cpu seconds),model cost (RAM-Hours),classified instances,classifications correct (percent),Kappa Statistic (percent),Kappa Temporal Statistic (percent),Kappa M Statistic (percent),model training instances,model serialized size (bytes),Change detected,Warning detected
1000.0,0.021669988,1.6124768980509706E-9,1000.0,91.3,82.54960325419813,82.3529411764706,80.79470198675497,1000.0,1184.0,0.0,1.0
2000.0,0.132581957,1.0349152818034506E-8,2000.0,88.25,76.46469704556834,76.26262626262626,74.75832438238453,214.0,1184.0,1.0,4.0
3000.0,0.187116828,1.4644933503932423E-8,3000.0,86.66666666666667,73.33851158686069,72.97297297297297,72.82608695652175,747.0,1184.0,2.0,6.0
4000.0,0.248015465,1.9441870041216413E-8,4000.0,86.2,72.39889595583823,72.07890743550834,72.12121212121212,204.0,1184.0,1.0,4.0
5000.0,0.292833219,2.29722211447979E-8,5000.0,85.46000000000001,70.91862270597136,70.54294975688818,70.14373716632444,739.0,1184.0,2.0,7.0
6000.0,0.314697493,2.4688886577354535E-8,6000.0,85.39999999999999,70.79444770000163,70.41540020263425,69.92790937178167,194.0,1184.0,1.0,3.0
7000.0,0.342257143,2.685979502564089E-8,7000.0,85.05714285714285,70.1152591029892,69.70750072400811,69.68994494349462,727.0,1184.0,2.0,7.0
8000.0,0.370728937,2.909524746109214E-8,8000.0,85.15,70.2998440741814,69.90119077780594,70.02271006813021,184.0,1184.0,1.0,3.0
9000.0,0.399381291,3.135222958393809E-8,9000.0,84.74444444444444,69.48853028494854,69.06264082920234,68.9296220864449,719.0,1184.0,2.0,8.0
10000.0,0.42620819,3.346547383132908E-8,10000.0,85.42999999999999,70.85685254007433,70.40422506601665,70.22276721847535,1719.0,1184.0,0.0,1.0
