learning evaluation instances,evaluation time (cpu seconds),model cost (RAM-Hours),classified instances,classifications correct (percent),Kappa Statistic (percent),Kappa Temporal Statistic (percent),Kappa M Statistic (percent),model training instances,model serialized size (bytes),Change detected,Warning detected,tree size (nodes),tree size (leaves),active learning leaves,tree depth,active leaf byte size estimate,inactive leaf byte size estimate,byte size estimate overhead
1000.0,0.028601985,2.5157803514351446E-9,1000.0,90.60000000000001,80.73896793652877,80.85539714867618,78.13953488372094,1000.0,1824.0,0.0,0.0,1.0,1.0,1.0,0.0,0.0,0.0,1.0
2000.0,0.159048192,1.4624844170839837E-8,2000.0,87.64999999999999,74.98531526604685,75.37387836490527,72.94633077765607,17.0,1824.0,2.0,0.0,1.0,1.0,1.0,0.0,0.0,0.0,1.0
3000.0,0.220903144,2.037593433358396E-8,3000.0,85.13333333333334,70.25972726969627,70.0067249495629,69.80365605958025,217.0,1824.0,2.0,0.0,1.0,1.0,1.0,0.0,0.0,0.0,1.0
4000.0,0.267652599,2.4716754965993265E-8,4000.0,85.02499999999999,70.05085355067379,69.97493734335839,69.62474645030426,33.0,1824.0,1.0,0.0,1.0,1.0,1.0,0.0,0.0,0.0,1.0
5000.0,0.314562703,2.9077734930279354E-8,5000.0,84.34,68.67087695937057,68.46556584776481,67.51037344398341,713.0,1824.0,2.0,0.0,1.0,1.0,1.0,0.0,0.0,0.0,1.0
6000.0,0.346507507,3.2046281439202526E-8,6000.0,84.68333333333334,69.35875441614033,69.29502171734046,68.22268326417704,49.0,1824.0,2.0,0.0,1.0,1.0,1.0,0.0,0.0,0.0,1.0
7000.0,0.38463227,3.559384945670143E-8,7000.0,84.17142857142858,68.34695782676971,68.14261069580219,67.9026651216686,249.0,1824.0,3.0,0.0,1.0,1.0,1.0,0.0,0.0,0.0,1.0
8000.0,0.413948042,3.831414325961843E-8,8000.0,84.375,68.75203697658958,68.6638255201805,68.31432192648923,1.0,1640.0,1.0,0.0,1.0,1.0,1.0,0.0,0.0,0.0,1.0
9000.0,0.440961199,4.082910095342745E-8,9000.0,83.91111111111111,67.82933948440049,67.6496872207328,67.00091157702826,617.0,1824.0,1.0,0.0,1.0,1.0,1.0,0.0,0.0,0.0,1.0
10000.0,0.467651349,4.33113348754247E-8,10000.0,84.69,69.37979178258412,69.27553682520569,68.5432504622971,1617.0,1824.0,0.0,0.0,1.0,1.0,1.0,0.0,0.0,0.0,1.0
