learning evaluation instances,evaluation time (cpu seconds),model cost (RAM-Hours),classified instances,classifications correct (percent),Kappa Statistic (percent),Kappa Temporal Statistic (percent),Kappa M Statistic (percent),model training instances,model serialized size (bytes),Change detected,Warning detected,tree size (nodes),tree size (leaves),active learning leaves,tree depth,active leaf byte size estimate,inactive leaf byte size estimate,byte size estimate overhead
1000.0,0.045522475,4.004547993083381E-9,1000.0,89.5,78.9739276703112,78.87323943661973,78.43942505133471,393.0,1824.0,1.0,0.0,1.0,1.0,1.0,0.0,0.0,0.0,1.0
2000.0,0.128137552,1.1681749531485968E-8,2000.0,87.55,75.06444189414103,75.24850894632206,74.22360248447204,209.0,1824.0,1.0,0.0,1.0,1.0,1.0,0.0,0.0,0.0,1.0
3000.0,0.19016823,1.7455340371251936E-8,3000.0,85.26666666666667,70.47049454572664,70.51367578385592,69.70527758738862,697.0,1824.0,2.0,0.0,1.0,1.0,1.0,0.0,0.0,0.0,1.0
4000.0,0.245851742,2.2631245413592293E-8,4000.0,84.8,69.59096851764974,69.69092721834495,69.27741283476503,161.0,1824.0,2.0,0.0,1.0,1.0,1.0,0.0,0.0,0.0,1.0
5000.0,0.293017085,2.7015953574368935E-8,5000.0,84.2,68.39817973515274,68.41263494602158,68.28582898434364,617.0,1824.0,2.0,0.0,1.0,1.0,1.0,0.0,0.0,0.0,1.0
6000.0,0.323881432,2.988409605967088E-8,6000.0,84.51666666666667,69.0218094464474,69.11569148936168,68.67835468644638,145.0,1824.0,1.0,0.0,1.0,1.0,1.0,0.0,0.0,0.0,1.0
7000.0,0.361063342,3.3344391862211956E-8,7000.0,84.01428571428572,68.0125124041866,68.05595204110763,67.62152777777779,633.0,1824.0,2.0,0.0,1.0,1.0,1.0,0.0,0.0,0.0,1.0
8000.0,0.396590249,3.6645372609299506E-8,8000.0,84.3125,68.62222698931019,68.70324189526184,68.49108712026111,129.0,1824.0,1.0,0.0,1.0,1.0,1.0,0.0,0.0,0.0,1.0
9000.0,0.427230182,3.949684612289899E-8,9000.0,83.78888888888889,67.57692917394876,67.60657193605685,67.52003561887801,457.0,1824.0,3.0,0.0,1.0,1.0,1.0,0.0,0.0,0.0,1.0
10000.0,0.453889044,4.197583916231576E-8,10000.0,84.45,68.89265368909521,68.9,68.62389023405974,593.0,1824.0,1.0,0.0,1.0,1.0,1.0,0.0,0.0,0.0,1.0
