learning evaluation instances,evaluation time (cpu seconds),model cost (RAM-Hours),classified instances,classifications correct (percent),Kappa Statistic (percent),Kappa Temporal Statistic (percent),Kappa M Statistic (percent),model training instances,model serialized size (bytes),Change detected,Warning detected,tree size (nodes),tree size (leaves),active learning leaves,tree depth,active leaf byte size estimate,inactive leaf byte size estimate,byte size estimate overhead
1000.0,0.039681057,3.492164915657292E-9,1000.0,88.3,76.02714464852106,76.50602409638554,73.2876712328767,425.0,1824.0,1.0,0.0,1.0,1.0,1.0,0.0,0.0,0.0,1.0
2000.0,0.157133851,1.4406743749572584E-8,2000.0,86.45,72.71500775256237,73.30049261083744,71.04700854700855,273.0,1824.0,1.0,0.0,1.0,1.0,1.0,0.0,0.0,0.0,1.0
3000.0,0.219704722,2.022905983286599E-8,3000.0,83.83333333333334,67.66422351911035,67.68820786142572,67.36204576043069,249.0,1824.0,3.0,0.0,1.0,1.0,1.0,0.0,0.0,0.0,1.0
4000.0,0.294940533,2.7207913229564825E-8,4000.0,84.1,68.2000953997138,68.54599406528189,67.69933976637887,1.0,1608.0,2.0,0.0,1.0,1.0,1.0,0.0,0.0,0.0,1.0
5000.0,0.333585119,3.079713333848864E-8,5000.0,82.98,65.91648216442755,66.04150039904229,64.80562448304383,169.0,1824.0,3.0,0.0,1.0,1.0,1.0,0.0,0.0,0.0,1.0
6000.0,0.36821096,3.401482155529782E-8,6000.0,83.16666666666667,66.29204108366082,66.63363065741659,65.31593406593407,113.0,1824.0,2.0,0.0,1.0,1.0,1.0,0.0,0.0,0.0,1.0
7000.0,0.405787259,3.751228736888617E-8,7000.0,82.64285714285714,65.28195623460955,65.39447450868697,64.90467937608318,633.0,1824.0,2.0,0.0,1.0,1.0,1.0,0.0,0.0,0.0,1.0
8000.0,0.430499045,3.980838170133531E-8,8000.0,83.0625,66.12436483184058,66.3938492063492,65.68751582679158,97.0,1824.0,1.0,0.0,1.0,1.0,1.0,0.0,0.0,0.0,1.0
9000.0,0.456659138,4.2243268408719446E-8,9000.0,82.55555555555556,65.10049476779109,65.23472099202834,64.30195543428833,617.0,1824.0,2.0,0.0,1.0,1.0,1.0,0.0,0.0,0.0,1.0
10000.0,0.482815247,4.4675835517831143E-8,10000.0,83.35000000000001,66.68893006523928,66.8986083499006,65.93001841620627,497.0,1824.0,1.0,0.0,1.0,1.0,1.0,0.0,0.0,0.0,1.0
