learning evaluation instances,evaluation time (cpu seconds),model cost (RAM-Hours),classified instances,classifications correct (percent),Kappa Statistic (percent),Kappa Temporal Statistic (percent),Kappa M Statistic (percent),model training instances,model serialized size (bytes),Change detected,Warning detected,tree size (nodes),tree size (leaves),active learning leaves,tree depth,active leaf byte size estimate,inactive leaf byte size estimate,byte size estimate overhead
1000.0,0.025471861,2.2404601435280508E-9,1000.0,89.9,79.80161587073034,81.08614232209737,78.95833333333334,1000.0,1824.0,0.0,0.0,1.0,1.0,1.0,0.0,0.0,0.0,1.0
2000.0,0.110045683,1.0099682696416147E-8,2000.0,87.3,74.53136202064564,74.95069033530572,73.15010570824523,145.0,1824.0,1.0,0.0,1.0,1.0,1.0,0.0,0.0,0.0,1.0
3000.0,0.15814087,1.4576805735203541E-8,3000.0,85.26666666666667,70.47449227705347,71.2426805465192,69.36936936936937,729.0,1824.0,2.0,0.0,1.0,1.0,1.0,0.0,0.0,0.0,1.0
4000.0,0.204927452,1.8924559587772108E-8,4000.0,85.225,70.4504284687872,70.699058006941,70.0759493670886,65.0,1824.0,2.0,0.0,1.0,1.0,1.0,0.0,0.0,0.0,1.0
5000.0,0.245819329,2.2725549589176146E-8,5000.0,83.89999999999999,67.79956722618351,68.33202202989771,67.24979658258746,329.0,1824.0,3.0,0.0,1.0,1.0,1.0,0.0,0.0,0.0,1.0
6000.0,0.274036587,2.5347705064829855E-8,6000.0,84.18333333333334,68.36009259701737,68.60734369831293,67.57772463272975,113.0,1824.0,1.0,0.0,1.0,1.0,1.0,0.0,0.0,0.0,1.0
7000.0,0.309085249,2.8609037138351966E-8,7000.0,83.24285714285715,66.47640977904071,66.92979983084297,65.71178018123356,441.0,1824.0,3.0,0.0,1.0,1.0,1.0,0.0,0.0,0.0,1.0
8000.0,0.340915506,3.1566148583241225E-8,8000.0,83.6625,67.32502450623163,67.52795031055899,66.97827185447196,65.0,1824.0,1.0,0.0,1.0,1.0,1.0,0.0,0.0,0.0,1.0
9000.0,0.375082762,3.474419163912328E-8,9000.0,83.03333333333333,66.0657785117339,66.43956043956044,65.56933483652763,329.0,1824.0,3.0,0.0,1.0,1.0,1.0,0.0,0.0,0.0,1.0
10000.0,0.400875707,3.7142983816282616E-8,10000.0,84.00999999999999,68.0191736154462,68.26121476776498,67.38731388945543,1329.0,1824.0,0.0,0.0,1.0,1.0,1.0,0.0,0.0,0.0,1.0
