learning evaluation instances,evaluation time (cpu seconds),model cost (RAM-Hours),classified instances,classifications correct (percent),Kappa Statistic (percent),Kappa Temporal Statistic (percent),Kappa M Statistic (percent),model training instances,model serialized size (bytes),Change detected,Warning detected
1000.0,0.038281446,2.8117839630693193E-9,1000.0,89.5,78.36853425188092,77.65957446808511,74.88038277511963,1000.0,1408.0,0.0,6.0
2000.0,0.184626997,1.41575784712202E-8,2000.0,93.8,87.45777112455242,87.49999999999999,86.37362637362635,2000.0,1408.0,0.0,0.0
3000.0,0.242167769,1.8618566663149327E-8,3000.0,92.30000000000001,84.01813215551812,83.61702127659575,81.57894736842107,3000.0,1408.0,0.0,0.0
4000.0,0.301103571,2.318770794620116E-8,4000.0,93.7,87.2485123264381,87.2983870967742,86.15384615384617,4000.0,1408.0,0.0,0.0
5000.0,0.35016334,2.6991185768983427E-8,5000.0,92.80000000000001,85.55423581907485,85.62874251497007,84.93723849372385,5000.0,1408.0,0.0,0.0
6000.0,0.402904694,3.1080087416329315E-8,6000.0,93.2,86.31239935587762,86.1788617886179,85.47008547008548,6000.0,1408.0,0.0,0.0
7000.0,0.446638983,3.447069445947806E-8,7000.0,92.60000000000001,84.66689873522635,84.28874734607218,82.29665071770336,7000.0,1408.0,0.0,0.0
8000.0,0.489012077,3.775577155210905E-8,8000.0,93.2,86.23899625619752,86.29032258064517,85.05494505494507,8000.0,1408.0,0.0,0.0
9000.0,0.523030053,4.039309781615932E-8,9000.0,92.30000000000001,84.55514815022828,84.63073852295409,83.89121338912135,9000.0,1408.0,0.0,0.0
10000.0,0.543191649,4.195617454523841E-8,10000.0,93.0,85.91345225062787,85.77235772357724,85.04273504273505,10000.0,1408.0,0.0,0.0
