learning evaluation instances,evaluation time (cpu seconds),model cost (RAM-Hours),classified instances,classifications correct (percent),Kappa Statistic (percent),Kappa Temporal Statistic (percent),Kappa M Statistic (percent),model training instances,model serialized size (bytes),Change detected,Warning detected
1000.0,0.046400642,3.4617267193396887E-9,1000.0,83.7,62.393178168663134,61.915887850467286,52.47813411078715,1000.0,3024.0,0.0,0.0
2000.0,0.20039895,1.5642406373305455E-8,2000.0,88.1,67.12489225805027,70.83333333333334,58.53658536585367,2000.0,3024.0,0.0,0.0
3000.0,0.324323512,2.5526695725152066E-8,3000.0,63.0,19.84402079722704,22.43186582809224,31.3543599257885,962.0,3024.0,1.0,8.0
4000.0,0.401532097,3.1684893763299205E-8,4000.0,65.2,22.934170722957212,27.950310559006216,9.138381201044394,1962.0,3024.0,0.0,0.0
5000.0,0.460689003,3.640328022863923E-8,5000.0,63.0,14.510166358595189,22.755741127348642,-2.7777777777777803,2962.0,3024.0,0.0,0.0
6000.0,0.515795179,4.0798578302460826E-8,6000.0,65.4,21.23725796391483,25.108225108225106,7.238605898123331,3962.0,3024.0,0.0,0.0
7000.0,0.5810448,4.60156168281287E-8,7000.0,54.0,11.246256907356528,2.7484143763213558,10.679611650485446,4962.0,3024.0,0.0,2.0
8000.0,0.644917527,5.1122036921413E-8,8000.0,62.1,23.97008553866894,22.810590631364562,19.70338983050847,1788.0,3024.0,1.0,1.0
9000.0,0.691466867,5.4843507669094125E-8,9000.0,70.5,40.805843165583106,39.17525773195875,38.54166666666666,2788.0,3024.0,0.0,0.0
10000.0,0.736391856,5.843511675320566E-8,10000.0,70.1,39.67979858297961,40.9090909090909,36.65254237288134,3788.0,3024.0,0.0,0.0
