learning evaluation instances,evaluation time (cpu seconds),model cost (RAM-Hours),classified instances,classifications correct (percent),Kappa Statistic (percent),Kappa Temporal Statistic (percent),Kappa M Statistic (percent),model training instances,model serialized size (bytes),Change detected,Warning detected
1000.0,0.063043143,4.738962478321045E-9,1000.0,81.3,54.05405405405405,58.53658536585365,45.63953488372091,1000.0,3024.0,0.0,6.0
2000.0,0.22473658,1.7619654702788425E-8,2000.0,86.8,63.39028178389173,68.4964200477327,54.482758620689665,2000.0,3024.0,0.0,0.0
3000.0,0.299011284,2.3543537384350266E-8,3000.0,59.5,12.128444348014744,14.37632135306553,25.688073394495408,965.0,3024.0,1.0,5.0
4000.0,0.359251082,2.8348046549583476E-8,4000.0,66.2,23.05205596710818,27.62312633832977,10.817941952506606,1965.0,3024.0,0.0,0.0
5000.0,0.401341308,3.170501126888312E-8,5000.0,65.60000000000001,25.102765972270618,30.505050505050512,14.851485148514865,2965.0,3024.0,0.0,0.0
6000.0,0.450804472,3.5650014948666925E-8,6000.0,65.3,21.657696058953153,25.85470085470086,7.957559681697619,3965.0,3024.0,0.0,0.0
7000.0,0.504759916,3.992427340079927E-8,7000.0,59.599999999999994,20.11136949678071,19.84126984126984,20.93933463796477,814.0,3024.0,1.0,2.0
8000.0,0.565079547,4.474501194878999E-8,8000.0,58.9,16.620006329576142,21.414913957934985,7.013574660633466,569.0,3024.0,1.0,18.0
9000.0,0.608988005,4.824635618655632E-8,9000.0,65.5,28.387578877449354,27.974947807933198,22.121896162528216,1569.0,3024.0,0.0,5.0
10000.0,0.651097813,5.160427264069932E-8,10000.0,66.8,32.791345468679154,32.929292929292934,29.059829059829063,2569.0,3024.0,0.0,0.0
