learning evaluation instances,evaluation time (cpu seconds),model cost (RAM-Hours),classified instances,classifications correct (percent),Kappa Statistic (percent),Kappa Temporal Statistic (percent),Kappa M Statistic (percent),model training instances,model serialized size (bytes),Change detected,Warning detected
1000.0,0.054322179,4.052714152038098E-9,1000.0,80.30000000000001,51.17768349260478,57.725321888412026,41.54302670623146,1000.0,3024.0,0.0,0.0
2000.0,0.20876381,1.6268458966890145E-8,2000.0,84.39999999999999,59.23060840476688,63.20754716981132,51.249999999999986,2000.0,3024.0,0.0,0.0
3000.0,0.292695108,2.2959390095977322E-8,3000.0,60.199999999999996,14.954357413928667,17.255717255717247,23.75478927203065,970.0,3024.0,1.0,9.0
4000.0,0.365059418,2.8728210857142178E-8,4000.0,61.199999999999996,17.010673111885865,16.198704103671698,6.506024096385548,1970.0,3024.0,0.0,0.0
5000.0,0.405098076,3.1920058351018364E-8,5000.0,62.8,19.722394862233276,26.190476190476193,9.708737864077678,2970.0,3024.0,0.0,0.0
6000.0,0.457599193,3.610540239332244E-8,6000.0,62.5,18.764351631211827,20.886075949367086,7.407407407407414,3970.0,3024.0,0.0,0.0
7000.0,0.513091871,4.0529231114124676E-8,7000.0,48.699999999999996,1.4159210404944271,-9.381663113006406,-4.693877551020412,4970.0,3024.0,0.0,0.0
8000.0,0.578277724,4.574117106438925E-8,8000.0,54.900000000000006,11.04887381168397,13.26923076923078,4.0425531914893655,5970.0,3024.0,0.0,20.0
9000.0,0.630791518,4.993991555099686E-8,9000.0,59.4,19.456270309518047,14.345991561181426,15.240083507306881,6970.0,3024.0,0.0,0.0
10000.0,0.676470856,5.358237860136976E-8,10000.0,61.7,23.493643780013254,19.537815126050415,22.782258064516128,7970.0,3024.0,0.0,5.0
