learning evaluation instances,evaluation time (cpu seconds),model cost (RAM-Hours),classified instances,classifications correct (percent),Kappa Statistic (percent),Kappa Temporal Statistic (percent),Kappa M Statistic (percent),model training instances,model serialized size (bytes),Change detected,Warning detected
1000.0,0.049195877,3.697755976033707E-9,1000.0,78.10000000000001,45.13093412705571,51.76211453744494,37.24928366762178,1000.0,3024.0,0.0,2.0
2000.0,0.199014722,1.5631573827825486E-8,2000.0,84.0,58.75714661318842,63.963963963963955,50.15576323987537,2000.0,3024.0,0.0,0.0
3000.0,0.268863902,2.1215792210288346E-8,3000.0,61.5,16.300708726466357,20.944558521560573,25.09727626459144,957.0,3024.0,1.0,6.0
4000.0,0.36301679,2.8743014261163772E-8,4000.0,63.2,16.505955757231987,23.651452282157674,1.8666666666666683,1957.0,3024.0,0.0,0.0
5000.0,0.418149544,3.3150701486162015E-8,5000.0,63.7,19.80027396049667,23.417721518987342,8.564231738035271,2957.0,3024.0,0.0,0.0
6000.0,0.479145966,3.802717020056728E-8,6000.0,66.9,25.332731784344702,29.872881355932208,11.497326203208566,3957.0,3024.0,0.0,0.0
7000.0,0.534069221,4.237809699309576E-8,7000.0,58.199999999999996,16.69888440276287,16.89860834990059,16.733067729083658,840.0,3024.0,1.0,2.0
8000.0,0.58922845,4.674771724432293E-8,8000.0,68.10000000000001,35.86856876336911,39.00573613766732,33.679833679833685,1840.0,3024.0,0.0,0.0
9000.0,0.644560993,5.117160599352378E-8,9000.0,64.60000000000001,28.6508973056644,28.34008097165992,25.31645569620253,2840.0,3024.0,0.0,1.0
10000.0,0.697117281,5.536254469939197E-8,10000.0,67.80000000000001,34.93556195872248,34.15132924335379,30.453563714902813,3840.0,3024.0,0.0,16.0
