learning evaluation instances,evaluation time (cpu seconds),model cost (RAM-Hours),classified instances,classifications correct (percent),Kappa Statistic (percent),Kappa Temporal Statistic (percent),Kappa M Statistic (percent),model training instances,model serialized size (bytes),Change detected,Warning detected
1000.0,0.056513186,4.393836811313198E-9,1000.0,51.0,45.516630214697834,46.38949671772429,43.28703703703704,265.0,14960.0,5.0,0.0
2000.0,0.153031329,1.2349059812387244E-8,2000.0,51.800000000000004,46.41323015100741,47.12013165112452,44.8512585812357,177.0,15136.0,5.0,0.0
3000.0,0.201970799,1.6383561433907598E-8,3000.0,51.800000000000004,46.39739989084247,47.20700985761227,45.03990877993159,217.0,15152.0,6.0,0.0
4000.0,0.247752353,2.0170993833883353E-8,4000.0,55.375,50.38287533739123,51.06907894736842,49.217638691322904,801.0,15168.0,1.0,0.0
5000.0,0.285782605,2.3306154745123865E-8,5000.0,55.7,50.74049599583614,51.457374534297614,49.659090909090914,201.0,15152.0,5.0,0.0
6000.0,0.308051982,2.51484635487323E-8,6000.0,57.43333333333334,52.671572960457965,53.3345514343139,51.67455061494797,817.0,15168.0,1.0,0.0
7000.0,0.340312055,2.7805935985398373E-8,7000.0,56.599999999999994,51.73880659051008,52.427184466019405,50.74578469520104,217.0,14960.0,7.0,0.0
8000.0,0.372074889,3.033212559531753E-8,8000.0,56.3,51.407172227016694,52.08989995888721,50.43244009641287,1.0,4304.0,6.0,0.0
9000.0,0.402159973,3.2779235619428674E-8,9000.0,55.92222222222222,50.98569843045918,51.67499086368619,50.006301197227465,9.0,11096.0,6.0,0.0
10000.0,0.432304102,3.526327737067309E-8,10000.0,54.81,49.75135203222034,50.43325655369092,48.75255159900205,145.0,15120.0,7.0,0.0
