learning evaluation instances,evaluation time (cpu seconds),model cost (RAM-Hours),classified instances,classifications correct (percent),Kappa Statistic (percent),Kappa Temporal Statistic (percent),Kappa M Statistic (percent),model training instances,model serialized size (bytes),Change detected,Warning detected
1000.0,0.076072333,5.910759994178597E-9,1000.0,46.6,40.63731511691893,40.79822616407982,37.68961493582265,73.0,15056.0,7.0,0.0
2000.0,0.171760409,1.3793012331697262E-8,2000.0,51.74999999999999,46.38014587378552,46.44839067702552,44.92009132420091,273.0,14760.0,4.0,0.0
3000.0,0.235689555,1.9063241927551314E-8,3000.0,51.46666666666667,46.05815123945847,46.1339252682205,44.827586206896555,217.0,15152.0,7.0,0.0
4000.0,0.280245193,2.2610107501805244E-8,4000.0,52.575,47.30048322706617,47.320188836434326,46.260623229461764,1.0,4536.0,6.0,0.0
5000.0,0.308099617,2.490471556848329E-8,5000.0,52.559999999999995,47.284125716781425,47.32400621807684,46.28623188405797,137.0,15112.0,5.0,0.0
6000.0,0.33475925,2.7100070817921725E-8,6000.0,54.35,49.274655977284525,49.27777777777778,48.47629796839729,145.0,14944.0,3.0,0.0
7000.0,0.363310672,2.945528746443904E-8,7000.0,55.31428571428572,50.34624288687706,50.35708617679734,49.57278736095438,313.0,15160.0,4.0,0.0
8000.0,0.394855907,3.205185016461958E-8,8000.0,55.6125,50.6789611844744,50.666851903306465,50.00703927917781,97.0,14904.0,5.0,0.0
9000.0,0.422484737,3.432821720124533E-8,9000.0,56.111111111111114,51.23122165391925,51.246605776351515,50.55701589685818,297.0,14776.0,4.0,0.0
10000.0,0.450598317,3.664463964499947E-8,10000.0,56.16,51.28608675634597,51.28347594177131,50.686164229471316,145.0,15128.0,5.0,0.0
