learning evaluation instances,evaluation time (cpu seconds),model cost (RAM-Hours),classified instances,classifications correct (percent),Kappa Statistic (percent),Kappa Temporal Statistic (percent),Kappa M Statistic (percent),model training instances,model serialized size (bytes),Change detected,Warning detected
1000.0,0.05411578,4.20486522283819E-9,1000.0,55.00000000000001,49.88986906779567,50.331125827814574,47.79582366589328,41.0,14824.0,4.0,0.0
2000.0,0.14164824,1.1419832145050169E-8,2000.0,56.39999999999999,51.51792808084941,51.929437706725466,50.34168564920273,145.0,15104.0,3.0,0.0
3000.0,0.181233455,1.4684328997393865E-8,3000.0,55.50000000000001,50.50247710075274,50.9010665685914,49.29737941511584,377.0,14976.0,5.0,0.0
4000.0,0.224151327,1.823005726605033E-8,4000.0,56.39999999999999,51.51289700640097,51.929437706725466,50.62287655719139,449.0,15168.0,3.0,0.0
5000.0,0.261602344,2.1317311834419768E-8,5000.0,55.26,50.25030081110023,50.63989408649603,49.262871399410294,169.0,15136.0,6.0,0.0
6000.0,0.289339982,2.3602127017614744E-8,6000.0,54.56666666666666,49.48373245539544,49.88049273763559,48.643556895252445,81.0,15088.0,6.0,0.0
7000.0,0.319360768,2.607637741552459E-8,7000.0,55.04285714285714,50.012716361955036,50.39407313997478,49.127061105722596,377.0,14784.0,3.0,0.0
8000.0,0.350331269,2.8631593400035057E-8,8000.0,55.5875,50.62160080517505,50.99310344827587,49.837639418325566,385.0,14976.0,3.0,0.0
9000.0,0.380686702,3.113606330248631E-8,9000.0,55.833333333333336,50.89413644693197,51.262873957822464,50.07535795026376,393.0,14976.0,4.0,0.0
10000.0,0.408589385,3.343816947804764E-8,10000.0,57.4,52.63849077859185,53.0008826125331,51.945854483925544,1393.0,14976.0,0.0,0.0
