learning evaluation instances,evaluation time (cpu seconds),model cost (RAM-Hours),classified instances,classifications correct (percent),Kappa Statistic (percent),Kappa Temporal Statistic (percent),Kappa M Statistic (percent),model training instances,model serialized size (bytes),Change detected,Warning detected
1000.0,0.082471451,6.349251307027622E-9,1000.0,69.19999999999999,65.74874032096099,65.625,64.43418013856812,1000.0,15168.0,0.0,0.0
2000.0,0.200695505,1.5915884311611038E-8,2000.0,75.4,72.638727767576,73.02631578947368,71.3953488372093,2000.0,15168.0,0.0,0.0
3000.0,0.254253739,2.0249790582932116E-8,3000.0,76.6,73.98479555829296,73.76681614349776,73.67829021372329,3000.0,15168.0,0.0,0.0
4000.0,0.298748494,2.3850284537519845E-8,4000.0,75.8,73.08593150480783,73.37733773377339,71.99074074074075,4000.0,15168.0,0.0,0.0
5000.0,0.333422287,2.6656071019075397E-8,5000.0,73.2,70.20580230882797,69.75169300225733,69.68325791855203,5000.0,15168.0,0.0,0.0
6000.0,0.377644447,3.0234506718717104E-8,6000.0,74.6,71.74176422618605,71.52466367713004,71.16912599318955,6000.0,15168.0,0.0,0.0
7000.0,0.42106765,3.3748291206132207E-8,7000.0,76.6,73.98702241451569,73.76681614349776,73.91304347826087,7000.0,15168.0,0.0,0.0
8000.0,0.465381826,3.7334172795783315E-8,8000.0,75.4,72.64076659237412,72.96703296703296,71.59353348729792,8000.0,15168.0,0.0,0.0
9000.0,0.519229318,4.169148568391386E-8,9000.0,73.5,70.53493000656015,70.02262443438913,69.9205448354143,9000.0,15168.0,0.0,0.0
10000.0,0.568063149,4.5643095560063506E-8,10000.0,74.6,71.748207568366,71.7463848720801,71.36414881623449,10000.0,15168.0,0.0,0.0
