learning evaluation instances,evaluation time (cpu seconds),model cost (RAM-Hours),classified instances,classifications correct (percent),Kappa Statistic (percent),Kappa Temporal Statistic (percent),Kappa M Statistic (percent),model training instances,model serialized size (bytes),Change detected,Warning detected
1000.0,0.071824979,5.7108121680344146E-9,1000.0,83.2,79.43776987927032,79.31034482758619,76.85950413223141,1000.0,22168.0,0.0,0.0
2000.0,0.153559961,1.2545350775470336E-8,2000.0,87.3,84.47379616906203,84.51219512195122,82.81461434370772,2000.0,22168.0,0.0,0.0
3000.0,0.204358201,1.6793012229286962E-8,3000.0,88.7,86.17775703459746,86.17455138662316,84.70216606498195,3000.0,22168.0,0.0,0.0
4000.0,0.257357922,2.1224757737689135E-8,4000.0,89.45,87.10185575870811,87.13414634146339,85.78167115902964,4000.0,22168.0,0.0,0.0
5000.0,0.290018311,2.395576328870737E-8,5000.0,89.86,87.5989879600115,87.6099706744868,86.31948192120883,5000.0,22168.0,0.0,0.0
6000.0,0.321795517,2.661291859637532E-8,6000.0,90.18333333333334,87.99822153612169,88.02845528455285,86.78779721848363,6000.0,22168.0,0.0,0.0
7000.0,0.357648037,2.961084465102189E-8,7000.0,90.41428571428571,88.27835515051619,88.29378925331473,87.08622016936106,7000.0,22168.0,0.0,0.0
8000.0,0.391251232,3.242068601809649E-8,8000.0,90.5875,88.49267928860307,88.52134146341464,87.34028244788165,8000.0,22168.0,0.0,0.0
9000.0,0.424699014,3.52175320174276E-8,9000.0,90.71111111111111,88.6420876048282,88.65979381443299,87.49626084355367,9000.0,22168.0,0.0,0.0
10000.0,0.45844182,3.8039047416185753E-8,10000.0,90.82000000000001,88.7770986305982,88.80487804878048,87.65797257327239,10000.0,22168.0,0.0,0.0
