learning evaluation instances,evaluation time (cpu seconds),model cost (RAM-Hours),classified instances,classifications correct (percent),Kappa Statistic (percent),Kappa Temporal Statistic (percent),Kappa M Statistic (percent),model training instances,model serialized size (bytes),Change detected,Warning detected
1000.0,0.091898289,7.424382719323039E-9,1000.0,76.5,71.37525457752312,71.54963680387408,69.16010498687665,401.0,21848.0,2.0,0.0
2000.0,0.204052425,1.6623790234103796E-8,2000.0,78.2,73.39045840428194,73.67149758454107,71.25906394199077,1.0,10616.0,3.0,0.0
3000.0,0.284257179,2.350433365244418E-8,3000.0,76.96666666666667,71.88936042803026,72.15954875100726,69.89106753812638,401.0,21848.0,2.0,0.0
4000.0,0.326293292,2.6952332519150026E-8,4000.0,79.025,74.3961699844073,74.66787439613526,72.49180327868854,1.0,10616.0,2.0,0.0
5000.0,0.3605438,2.989058861546839E-8,5000.0,78.56,73.84298264564859,74.09376510391493,71.99582027168232,401.0,21848.0,2.0,0.0
6000.0,0.392593213,3.251943157491584E-8,6000.0,78.78333333333333,74.10395988697285,74.37600644122384,72.22343443159504,1.0,10616.0,3.0,0.0
7000.0,0.426858895,3.5458989406613005E-8,7000.0,78.17142857142856,73.35862105657277,73.62789092164309,71.49785487782131,401.0,21848.0,2.0,0.0
8000.0,0.461496108,3.8300095842164E-8,8000.0,79.05,74.428427288774,74.69806763285024,72.59646827992151,1.0,10616.0,2.0,0.0
9000.0,0.496631293,4.131424592488755E-8,9000.0,78.78888888888889,74.11747457777406,74.37583892617448,72.30925442413692,401.0,21848.0,2.0,0.0
10000.0,0.531659676,4.418743795590474E-8,10000.0,78.9,74.24665044734544,74.51690821256038,72.41469473133743,1.0,10616.0,3.0,0.0
