learning evaluation instances,evaluation time (cpu seconds),model cost (RAM-Hours),classified instances,classifications correct (percent),Kappa Statistic (percent),Kappa Temporal Statistic (percent),Kappa M Statistic (percent),model training instances,model serialized size (bytes),Change detected,Warning detected
1000.0,0.087513877,7.448527944636428E-9,1000.0,80.2,75.79503529279451,75.03152585119798,73.67021276595746,851.0,22168.0,2.0,18.0
2000.0,0.185995219,1.625976439902145E-8,2000.0,85.5,82.28568426736645,81.96517412935323,80.83278255122273,1851.0,22168.0,0.0,3.0
3000.0,0.253915968,2.2336710218849283E-8,3000.0,88.16666666666667,85.5618259558783,85.21449396084965,84.36123348017624,2851.0,22168.0,0.0,0.0
4000.0,0.304481039,2.679363885783694E-8,4000.0,89.1,86.69920886223173,86.44278606965175,85.61530847904983,3851.0,22168.0,0.0,2.0
5000.0,0.339301249,2.986277706125337E-8,5000.0,90.06,87.87683587270121,87.60289348964827,86.87961985216471,4851.0,22168.0,0.0,0.0
6000.0,0.368349208,3.242313498839322E-8,6000.0,90.45,88.35087647964707,88.12189054726366,87.40382501648713,5851.0,22168.0,0.0,0.0
7000.0,0.404481436,3.560791765711788E-8,7000.0,90.95714285714286,88.97290540076781,88.73063913120882,88.07010931021485,6851.0,22168.0,0.0,0.0
8000.0,0.439222353,3.865568678207489E-8,8000.0,91.175,89.23721259660782,89.023631840796,88.3632767430361,7851.0,22168.0,0.0,2.0
9000.0,0.473478676,4.166094319410208E-8,9000.0,91.47777777777777,89.60870113746864,89.3840830449827,88.76025791324736,8851.0,22168.0,0.0,0.0
10000.0,0.508086875,4.46970691657501E-8,10000.0,91.60000000000001,89.75652666257213,89.55223880597015,88.92551087673041,9851.0,22168.0,0.0,2.0
