learning evaluation instances,evaluation time (cpu seconds),model cost (RAM-Hours),classified instances,classifications correct (percent),Kappa Statistic (percent),Kappa Temporal Statistic (percent),Kappa M Statistic (percent),model training instances,model serialized size (bytes),Change detected,Warning detected
1000.0,0.065715886,5.225077495699128E-9,1000.0,81.5,77.20580081566268,77.4114774114774,74.79564032697546,1000.0,22168.0,0.0,0.0
2000.0,0.147346714,1.2050906924804051E-8,2000.0,86.45,83.33489632737397,83.41493268053856,81.6891891891892,2000.0,22168.0,0.0,0.0
3000.0,0.198024833,1.629051685798913E-8,3000.0,86.06666666666666,83.03913536920517,82.8828828828829,81.21348314606742,978.0,21848.0,1.0,1.0
4000.0,0.275876985,2.280344124137113E-8,4000.0,87.175,84.34276226636227,84.21538461538461,82.50341064120055,1978.0,21848.0,0.0,0.0
5000.0,0.315291574,2.6100771259417134E-8,5000.0,86.78,83.8956873235378,83.69511593487914,82.22640494756655,986.0,21848.0,1.0,1.0
6000.0,0.342700988,2.839377711974084E-8,6000.0,88.05,85.44501215588465,85.17369727047145,84.14067684140674,1986.0,21848.0,0.0,0.0
7000.0,0.376581427,3.1228133417082325E-8,7000.0,86.38571428571429,83.46645263682694,83.14467633533782,82.0999248685199,986.0,21848.0,1.0,1.0
8000.0,0.42309833,3.511962599635124E-8,8000.0,86.2125,83.27285350181599,83.00985828712261,81.97123242889833,1986.0,21848.0,0.0,0.0
9000.0,0.45703632,3.796160640270346E-8,9000.0,85.93333333333332,82.9788988539663,82.70964217426932,81.7736826950763,966.0,22168.0,1.0,1.0
10000.0,0.489553216,4.0684583847961493E-8,10000.0,86.33999999999999,83.498133742818,83.20009838888205,82.46919917864476,1966.0,22168.0,0.0,0.0
