learning evaluation instances,evaluation time (cpu seconds),model cost (RAM-Hours),classified instances,classifications correct (percent),Kappa Statistic (percent),Kappa Temporal Statistic (percent),Kappa M Statistic (percent),model training instances,model serialized size (bytes),Change detected,Warning detected
1000.0,0.094287463,7.592619495811975E-9,1000.0,87.2,84.32761168719382,83.9799749687109,82.48974008207935,1000.0,22168.0,0.0,2.0
2000.0,0.178441252,1.459371072569034E-8,2000.0,89.8,87.52015739283853,87.49999999999999,86.19756427604872,2000.0,22168.0,0.0,0.0
3000.0,0.226974551,1.8631390526251245E-8,3000.0,91.46666666666667,89.55597386056084,89.46935417523653,88.43721770551039,3000.0,22168.0,0.0,0.0
4000.0,0.294273709,2.4230277402895607E-8,4000.0,92.07499999999999,90.30269806777434,90.28799019607843,89.29415737926377,4000.0,22168.0,0.0,0.0
5000.0,0.33974133,2.8012911154853388E-8,5000.0,92.60000000000001,90.94309546883068,90.89342850110756,89.99188531241546,5000.0,22168.0,0.0,0.0
6000.0,0.382627283,3.158076559136932E-8,6000.0,92.85,91.25014340892577,91.2377450980392,90.34653465346535,6000.0,22168.0,0.0,0.0
7000.0,0.419164411,3.4620435812347045E-8,7000.0,93.12857142857143,91.58983912688592,91.55399473222124,90.71428571428571,7000.0,22168.0,0.0,0.0
8000.0,0.457185391,3.7783553632619887E-8,8000.0,93.2625,91.75446541973481,91.74325980392157,90.90602328327991,8000.0,22168.0,0.0,0.0
9000.0,0.496002778,4.1012927745442004E-8,9000.0,93.42222222222222,91.94915480253692,91.92029480005459,91.11511331232178,9000.0,22168.0,0.0,0.0
10000.0,0.52974278,4.381989383580163E-8,10000.0,93.51,92.05715373550287,92.04656862745098,91.24156545209178,10000.0,22168.0,0.0,0.0
