learning evaluation instances,evaluation time (cpu seconds),model cost (RAM-Hours),classified instances,classifications correct (percent),Kappa Statistic (percent),Kappa Temporal Statistic (percent),Kappa M Statistic (percent),model training instances,model serialized size (bytes),Change detected,Warning detected
1000.0,0.082266012,6.974797794371844E-9,1000.0,77.7,72.59102116268151,72.1598002496879,70.54161162483487,769.0,21848.0,3.0,15.0
2000.0,0.185400499,1.5970979033205658E-8,2000.0,83.55,79.8362631018324,79.79115479115478,78.32674571805008,1769.0,21848.0,0.0,2.0
3000.0,0.234007434,2.0335991738086774E-8,3000.0,85.86666666666667,82.69656134966822,82.54425689584191,81.4116615519509,2769.0,21848.0,0.0,2.0
4000.0,0.292625453,2.548829022111164E-8,4000.0,86.825,83.87898532437042,83.81449631449631,82.6758711374096,3769.0,21848.0,0.0,3.0
5000.0,0.340025189,2.962678281244304E-8,5000.0,86.74,83.77457356740496,83.65787527729849,82.57555847568987,434.0,22168.0,1.0,8.0
6000.0,0.375784067,3.285281229397075E-8,6000.0,86.96666666666667,84.04964110672647,83.98853398853397,82.87341217696014,1434.0,22168.0,0.0,2.0
7000.0,0.420192986,3.674129627081669E-8,7000.0,86.87142857142857,83.93410330094363,83.83465259454704,82.75473822480764,441.0,22168.0,1.0,2.0
8000.0,0.461359043,4.038008179877367E-8,8000.0,87.0125,84.10473313315599,84.0448402948403,82.9392446633826,1441.0,22168.0,0.0,1.0
9000.0,0.502838651,4.4012072730006446E-8,9000.0,86.93333333333332,84.0087986659857,83.91904827020375,82.83963227783453,441.0,22168.0,1.0,2.0
10000.0,0.542547521,4.752205333095458E-8,10000.0,87.03999999999999,84.13779167461715,84.07862407862406,82.97872340425532,1441.0,22168.0,0.0,1.0
