learning evaluation instances,evaluation time (cpu seconds),model cost (RAM-Hours),classified instances,classifications correct (percent),Kappa Statistic (percent),Kappa Temporal Statistic (percent),Kappa M Statistic (percent),model training instances,model serialized size (bytes),Change detected,Warning detected
1000.0,0.081807785,6.5533074368412294E-9,1000.0,70.89999999999999,64.33609371150963,64.38188494492044,61.8610747051114,297.0,22168.0,4.0,0.0
2000.0,0.175700175,1.4509749153339202E-8,2000.0,72.5,66.2214552104173,66.92723992784126,63.50364963503649,17.0,21848.0,5.0,0.0
3000.0,0.237286159,1.973084007980095E-8,3000.0,70.76666666666667,64.14004600051112,64.63709677419355,61.43359718557608,57.0,21848.0,6.0,0.0
4000.0,0.283905504,2.368425817689755E-8,4000.0,71.0,64.35669362857462,65.12327119663259,61.56394963552021,129.0,21848.0,6.0,0.0
5000.0,0.319462644,2.670075554911254E-8,5000.0,71.72,65.3099010792448,65.87014240888244,62.642007926023766,41.0,22168.0,5.0,0.0
6000.0,0.354738888,2.9690064686551276E-8,6000.0,71.39999999999999,64.88841277722118,65.60432952495489,62.11084124530801,17.0,21848.0,6.0,0.0
7000.0,0.395333342,3.3131551233946034E-8,7000.0,70.81428571428572,64.18977032874697,64.81226317602481,61.4237160120846,57.0,21848.0,6.0,0.0
8000.0,0.432066008,3.624655824485545E-8,8000.0,70.92500000000001,64.28950312512907,65.03307276007216,61.49006622516558,129.0,21848.0,6.0,0.0
9000.0,0.467714103,3.927077180342541E-8,9000.0,71.33333333333334,64.82740023682885,65.45722318918196,62.097840458351705,41.0,22168.0,5.0,0.0
10000.0,0.503029415,4.226339156342877E-8,10000.0,71.17999999999999,64.62196910658258,65.33974744437762,61.83286981856707,17.0,21848.0,6.0,0.0
