learning evaluation instances,evaluation time (cpu seconds),model cost (RAM-Hours),classified instances,classifications correct (percent),Kappa Statistic (percent),Kappa Temporal Statistic (percent),Kappa M Statistic (percent),model training instances,model serialized size (bytes),Change detected,Warning detected
1000.0,0.097280508,7.70921494362255E-9,1000.0,84.5,80.97143874337837,81.34777376654633,79.02571041948579,1000.0,22168.0,0.0,0.0
2000.0,0.250934883,2.1098454248631997E-8,2000.0,88.2,85.51745637440567,85.52147239263806,84.11843876177659,2000.0,22168.0,0.0,1.0
3000.0,0.343285773,2.9145788834715884E-8,3000.0,92.2,90.43071592966821,90.61371841155234,89.50201884253029,3000.0,22168.0,0.0,0.0
4000.0,0.42198317,3.600337607305083E-8,4000.0,91.0,88.96700521615476,88.95705521472395,87.88694481830419,4000.0,22168.0,0.0,0.0
5000.0,0.490719711,4.199298747492333E-8,5000.0,90.60000000000001,88.50164157414973,88.42364532019702,88.04071246819338,5000.0,22168.0,0.0,0.0
6000.0,0.573244676,4.918410393368038E-8,6000.0,92.4,90.6838769781439,90.58240396530361,89.86666666666667,6000.0,22168.0,0.0,0.0
7000.0,0.652976491,5.613182899037169E-8,7000.0,92.60000000000001,90.92404282380011,91.0950661853189,90.04037685060567,7000.0,22168.0,0.0,0.0
8000.0,0.72779359,6.265129218572543E-8,8000.0,91.9,90.06860022437607,90.06134969325153,89.09825033647377,8000.0,22168.0,0.0,0.0
9000.0,0.770638398,6.638473216938475E-8,9000.0,91.5,89.6041123685379,89.53201970443351,89.18575063613233,9000.0,22168.0,0.0,0.0
10000.0,0.81337801,7.010900551253723E-8,10000.0,92.5,90.8060180128495,90.70631970260223,90.0,10000.0,22168.0,0.0,0.0
