learning evaluation instances,evaluation time (cpu seconds),model cost (RAM-Hours),classified instances,classifications correct (percent),Kappa Statistic (percent),Kappa Temporal Statistic (percent),Kappa M Statistic (percent),model training instances,model serialized size (bytes),Change detected,Warning detected
1000.0,0.091930955,7.809446046190957E-9,1000.0,75.7,70.2592948882704,71.00238663484487,67.51336898395722,764.0,22168.0,3.0,15.0
2000.0,0.209475158,1.8296822430069247E-8,2000.0,82.55,78.67238336421458,78.98856110776642,76.85676392572944,1764.0,22168.0,0.0,4.0
3000.0,0.25713837,2.2549367695177595E-8,3000.0,85.2,81.92109535359934,82.2328931572629,80.38002651347767,2764.0,22168.0,0.0,0.0
4000.0,0.312707049,2.7507244280787807E-8,4000.0,86.95,84.0668216743115,84.28657435279952,82.73238504796561,3764.0,22168.0,0.0,0.0
5000.0,0.358087255,3.155609814642618E-8,5000.0,87.86,85.18074582889264,85.40865384615385,83.93329804129169,4764.0,22168.0,0.0,0.0
6000.0,0.3871766,3.4151469946901004E-8,6000.0,88.73333333333333,86.2501380579703,86.43387517559702,85.10356985456148,5764.0,22168.0,0.0,1.0
7000.0,0.423567416,3.739828412036101E-8,7000.0,89.14285714285714,86.75135176057601,86.94382408520873,85.64141318722842,6764.0,22168.0,0.0,0.0
8000.0,0.458579052,4.0522046885142725E-8,8000.0,89.6375,87.35668269856586,87.52257676098736,86.30431191144888,7764.0,22168.0,0.0,1.0
9000.0,0.493222925,4.361299757665644E-8,9000.0,89.87777777777778,87.65064901570521,87.82411120021385,86.6186839012926,8764.0,22168.0,0.0,0.0
10000.0,0.52763258,4.668305117363731E-8,10000.0,90.23,88.08160792649926,88.23600240818784,87.09038054968288,9764.0,22168.0,0.0,1.0
