learning evaluation instances,evaluation time (cpu seconds),model cost (RAM-Hours),classified instances,classifications correct (percent),Kappa Statistic (percent),Kappa Temporal Statistic (percent),Kappa M Statistic (percent),model training instances,model serialized size (bytes),Change detected,Warning detected
1000.0,0.119109688,9.439117923395502E-9,1000.0,85.8,82.69094809722324,82.61933904528765,81.38925294888597,1000.0,22168.0,0.0,0.0
2000.0,0.293360644,2.3963883037086995E-8,2000.0,90.3,88.08656766645338,88.53427895981088,86.96236559139786,2000.0,22168.0,0.0,0.0
3000.0,0.384402034,3.15526781618264E-8,3000.0,91.9,90.1214693399678,90.0856793145655,89.4393741851369,3000.0,22168.0,0.0,0.0
4000.0,0.473813028,3.900557091055645E-8,4000.0,91.60000000000001,89.6801079165858,90.07092198581562,88.70967741935485,4000.0,22168.0,0.0,0.0
5000.0,0.545425216,4.497483635308014E-8,5000.0,91.2,89.16601724326847,88.81829733163914,88.15612382234185,5000.0,22168.0,0.0,0.0
6000.0,0.614372285,5.0721949628616366E-8,6000.0,93.0,91.46371652709844,91.33663366336633,90.990990990991,6000.0,22168.0,0.0,0.0
7000.0,0.689700809,5.7000991893733536E-8,7000.0,93.10000000000001,91.59417147159257,91.55446756425948,91.00391134289441,7000.0,22168.0,0.0,0.0
8000.0,0.771486886,6.381830633070733E-8,8000.0,91.8,89.93065660714703,90.30732860520095,88.97849462365592,8000.0,22168.0,0.0,0.0
9000.0,0.847959099,7.019268129568133E-8,9000.0,93.5,92.01158197714577,91.74078780177891,91.25168236877525,9000.0,22168.0,0.0,0.0
10000.0,0.919604167,7.616468746507334E-8,10000.0,93.8,92.44086808095587,92.32673267326732,92.02059202059202,10000.0,22168.0,0.0,0.0
