learning evaluation instances,evaluation time (cpu seconds),model cost (RAM-Hours),classified instances,classifications correct (percent),Kappa Statistic (percent),Kappa Temporal Statistic (percent),Kappa M Statistic (percent),model training instances,model serialized size (bytes),Change detected,Warning detected
1000.0,0.064655759,5.14078667855511E-9,1000.0,84.39999999999999,80.84100614193129,81.06796116504853,78.45303867403315,1000.0,22168.0,0.0,0.0
2000.0,0.145547931,1.1904850963457591E-8,2000.0,87.5,84.66537078826741,84.83009708737865,82.88843258042436,2000.0,22168.0,0.0,0.0
3000.0,0.20629179,1.6991565205645228E-8,3000.0,86.0,82.92663725079835,82.76569552728765,81.08108108108108,985.0,22168.0,1.0,1.0
4000.0,0.279686064,2.3137630091822805E-8,4000.0,87.3,84.46112171889358,84.29189857761287,82.73283480625425,1985.0,22168.0,0.0,0.0
5000.0,0.314887241,2.608247616373416E-8,5000.0,86.56,83.64332955994034,83.29189457981104,82.11814795103778,981.0,21848.0,1.0,1.0
6000.0,0.345419951,2.863676947921928E-8,6000.0,87.3,84.56154170632648,84.20398009950249,83.30411919368974,1981.0,21848.0,0.0,0.0
7000.0,0.380393449,3.156546372592035E-8,7000.0,86.54285714285714,83.66415727081133,83.29194749911316,82.37605238540692,986.0,22168.0,1.0,1.0
8000.0,0.413699146,3.454398331021476E-8,8000.0,86.1,83.13377399003092,82.80235075781009,81.84193337687786,1986.0,22168.0,0.0,2.0
9000.0,0.447777335,3.739770403504165E-8,9000.0,85.95555555555555,83.0140745324671,82.63736263736263,81.84690506965386,993.0,22168.0,1.0,1.0
10000.0,0.480211192,4.0113727762328667E-8,10000.0,86.5,83.70671507824035,83.33333333333334,82.74319314840854,1993.0,22168.0,0.0,0.0
