learning evaluation instances,evaluation time (cpu seconds),model cost (RAM-Hours),classified instances,classifications correct (percent),Kappa Statistic (percent),Kappa Temporal Statistic (percent),Kappa M Statistic (percent),model training instances,model serialized size (bytes),Change detected,Warning detected
1000.0,0.074296568,5.947307284308804E-9,1000.0,69.0,61.59530620310135,61.490683229813655,57.47599451303154,297.0,21848.0,5.0,0.0
2000.0,0.162003757,1.3344400285107808E-8,2000.0,68.75,61.287377424223145,61.34817563388992,57.56958587915818,17.0,20248.0,8.0,0.0
3000.0,0.210053854,1.741795581135071E-8,3000.0,69.5,62.1674873588413,62.22130470685383,58.48457350272231,121.0,21848.0,5.0,0.0
4000.0,0.267098287,2.2260873941801904E-8,4000.0,70.075,62.85847621080747,62.98701298701298,59.39620081411125,161.0,22168.0,6.0,0.0
5000.0,0.310476538,2.5894642317094324E-8,5000.0,70.42,63.293779464559755,63.38202525377569,59.79885838543083,9.0,18000.0,6.0,0.0
6000.0,0.34827714,2.9099273749418143E-8,6000.0,69.98333333333333,62.76858276160574,62.87363430220573,59.281030974451724,49.0,21848.0,6.0,0.0
7000.0,0.389625024,3.2612164523106896E-8,7000.0,70.14285714285714,62.97534762997811,63.04809052333803,59.44897167248738,313.0,22168.0,5.0,0.0
8000.0,0.427974528,3.586793372700819E-8,8000.0,70.3875,63.268396385635015,63.3735312306741,59.83384198033232,161.0,22168.0,6.0,0.0
9000.0,0.469324067,3.93317581940463E-8,9000.0,70.54444444444444,63.46500529703061,63.550116870617344,60.00905113893498,9.0,18000.0,6.0,0.0
10000.0,0.504681642,4.2329276493245526E-8,10000.0,70.27,63.132401615254665,63.22820037105751,59.677200596771996,49.0,21848.0,6.0,0.0
