learning evaluation instances,evaluation time (cpu seconds),model cost (RAM-Hours),classified instances,classifications correct (percent),Kappa Statistic (percent),Kappa Temporal Statistic (percent),Kappa M Statistic (percent),model training instances,model serialized size (bytes),Change detected,Warning detected
1000.0,0.078776906,6.087643597552345E-9,1000.0,76.6,71.30767127419689,71.60194174757282,67.67955801104972,1.0,11584.0,3.0,0.0
2000.0,0.184752422,1.527856391981658E-8,2000.0,78.2,73.33790747214316,73.54368932038835,70.1574264202601,801.0,22168.0,1.0,0.0
3000.0,0.240431684,2.0083596222081947E-8,3000.0,79.53333333333333,74.94428435870427,75.16181229773463,71.96347031963471,601.0,22168.0,2.0,0.0
4000.0,0.304851097,2.5780878823910736E-8,4000.0,81.72500000000001,77.64190280558947,77.82160194174757,75.02562350529553,1601.0,22168.0,0.0,0.0
5000.0,0.351391747,2.961001572886068E-8,5000.0,82.02000000000001,78.00537901820807,78.17961165048544,75.41028446389497,1.0,11584.0,3.0,0.0
6000.0,0.387065913,3.270392297880724E-8,6000.0,81.65,77.56110624357633,77.73058252427185,74.93740040974276,801.0,22168.0,1.0,0.0
7000.0,0.43955697,3.723381822894638E-8,7000.0,81.72857142857143,77.6474373459766,77.8259361997226,75.02928543537679,601.0,22168.0,2.0,0.0
8000.0,0.478547969,4.0682200166711374E-8,8000.0,82.55,78.6573305228075,78.82281553398057,76.17340843147295,1601.0,22168.0,0.0,0.0
9000.0,0.529662652,4.4887666120885145E-8,9000.0,82.62222222222222,78.74650555845466,78.91046386192016,76.25986642380084,1.0,11584.0,3.0,0.0
10000.0,0.571266755,4.849585799562227E-8,10000.0,82.34,78.40557713265561,78.56796116504854,75.89078498293517,801.0,22168.0,1.0,0.0
