learning evaluation instances,evaluation time (cpu seconds),model cost (RAM-Hours),classified instances,classifications correct (percent),Kappa Statistic (percent),Kappa Temporal Statistic (percent),Kappa M Statistic (percent),model training instances,model serialized size (bytes),Change detected,Warning detected
1000.0,0.074807518,6.043634217331807E-9,1000.0,76.5,70.9057234013314,71.44592952612395,67.98365122615803,401.0,21848.0,2.0,0.0
2000.0,0.181013914,1.4781776689887048E-8,2000.0,76.0,70.41332583804254,70.99697885196375,67.9144385026738,1.0,11584.0,4.0,0.0
3000.0,0.235627101,1.9466890546946478E-8,3000.0,76.23333333333333,70.65996962298678,71.22679580306699,68.09843400447427,401.0,21848.0,2.0,0.0
4000.0,0.298072728,2.4604611118069543E-8,4000.0,76.05,70.47492834468517,71.05740181268881,68.03470136803469,1.0,11584.0,4.0,0.0
5000.0,0.348081012,2.889468311727668E-8,5000.0,76.18,70.61063983672248,71.18315993225261,68.12098501070663,401.0,21848.0,2.0,0.0
6000.0,0.381047951,3.160704151296161E-8,6000.0,76.06666666666668,70.49546254731823,71.07754279959718,68.07469986660738,1.0,11584.0,4.0,0.0
7000.0,0.417234581,3.4711392146322055E-8,7000.0,76.15714285714286,70.58947991511705,71.1644782308224,68.130609127363,401.0,21848.0,2.0,0.0
8000.0,0.454328449,3.7763294062306076E-8,8000.0,76.075,70.50572965496326,71.08761329305136,68.09468244707452,1.0,11584.0,4.0,0.0
9000.0,0.489092324,4.07455904898627E-8,9000.0,76.14444444444445,70.57771956359645,71.15410452774421,68.13594538438707,401.0,21848.0,2.0,0.0
10000.0,0.529297477,4.405347370854269E-8,10000.0,76.08,70.51188992157543,71.09365558912387,68.10666666666667,1.0,11584.0,4.0,0.0
