learning evaluation instances,evaluation time (cpu seconds),model cost (RAM-Hours),classified instances,classifications correct (percent),Kappa Statistic (percent),Kappa Temporal Statistic (percent),Kappa M Statistic (percent),model training instances,model serialized size (bytes),Change detected,Warning detected
1000.0,0.087252602,7.249684409329461E-9,1000.0,84.8,81.26484483717054,81.44078144078145,79.48717948717949,1000.0,22168.0,0.0,0.0
2000.0,0.191020854,1.6297926103402342E-8,2000.0,87.7,84.85323337288322,85.0091407678245,83.5010060362173,2000.0,22168.0,0.0,0.0
3000.0,0.24501513,2.1006044915546144E-8,3000.0,89.36666666666667,86.90271522999353,87.03252032520325,85.74620196604111,3000.0,22168.0,0.0,0.0
4000.0,0.298332676,2.565515515345252E-8,4000.0,90.14999999999999,87.87232762198968,87.99512492382692,86.81392235609103,4000.0,22168.0,0.0,0.0
5000.0,0.3428602,2.953780511069215E-8,5000.0,90.8,88.6712426637061,88.78322360399903,87.68406961178046,5000.0,22168.0,0.0,0.0
6000.0,0.375828037,3.241248933787561E-8,6000.0,91.10000000000001,89.04338041670445,89.15295551492991,88.09364548494983,6000.0,22168.0,0.0,0.0
7000.0,0.415289527,3.585339821170188E-8,7000.0,91.37142857142857,89.3761137899626,89.48101706722397,88.45565749235473,7000.0,22168.0,0.0,0.0
8000.0,0.454721491,3.9291732517882356E-8,8000.0,91.525,89.56698124988026,89.6709323583181,88.66599799398195,8000.0,22168.0,0.0,0.0
9000.0,0.493557774,4.267812544934866E-8,9000.0,91.65555555555555,89.72665078540736,89.82798320465936,88.83935205825532,9000.0,22168.0,0.0,0.0
10000.0,0.532422357,4.606698604539451E-8,10000.0,91.75,89.84423893834504,89.94515539305301,88.96911351784998,10000.0,22168.0,0.0,0.0
