learning evaluation instances,evaluation time (cpu seconds),model cost (RAM-Hours),classified instances,classifications correct (percent),Kappa Statistic (percent),Kappa Temporal Statistic (percent),Kappa M Statistic (percent),model training instances,model serialized size (bytes),Change detected,Warning detected
1000.0,0.099640457,7.896234465529108E-9,1000.0,83.3,79.55906329101529,79.68369829683698,77.70360480640855,1000.0,22168.0,0.0,0.0
2000.0,0.264986275,2.1678707882668822E-8,2000.0,90.60000000000001,88.51601222189508,88.82282996432819,87.88659793814433,2000.0,22168.0,0.0,0.0
3000.0,0.351329006,2.8875844218894426E-8,3000.0,92.80000000000001,91.2258467057929,91.24087591240875,90.70967741935485,3000.0,22168.0,0.0,0.0
4000.0,0.454389615,3.746650663224152E-8,4000.0,91.10000000000001,89.12695562087526,89.41736028537456,88.53092783505156,4000.0,22168.0,0.0,0.0
5000.0,0.618742042,5.1166175505450615E-8,5000.0,91.3,89.40348954051339,89.51807228915662,88.75968992248062,5000.0,22168.0,0.0,0.0
6000.0,0.756840919,6.267746816596016E-8,6000.0,92.7,91.12776983733436,91.09756097560975,90.54404145077721,6000.0,22168.0,0.0,0.0
7000.0,0.813401175,6.739207319326491E-8,7000.0,93.10000000000001,91.58642268105348,91.6058394160584,91.09677419354838,7000.0,22168.0,0.0,0.0
8000.0,0.862537422,7.148784668355973E-8,8000.0,92.2,90.4699301861296,90.72532699167658,89.94845360824742,8000.0,22168.0,0.0,0.0
9000.0,0.920820312,7.634604262595168E-8,9000.0,91.8,90.01054983395585,90.12048192771086,89.40568475452196,9000.0,22168.0,0.0,0.0
10000.0,1.009409823,8.373046029773643E-8,10000.0,92.9,91.3698272142167,91.34146341463415,90.80310880829016,10000.0,22168.0,0.0,0.0
