learning evaluation instances,evaluation time (cpu seconds),model cost (RAM-Hours),classified instances,classifications correct (percent),Kappa Statistic (percent),Kappa Temporal Statistic (percent),Kappa M Statistic (percent),model training instances,model serialized size (bytes),Change detected,Warning detected
1000.0,0.080113419,6.684687224160881E-9,1000.0,83.3,79.55906329101529,79.68369829683698,77.70360480640855,1000.0,22168.0,0.0,8.0
2000.0,0.167643201,1.4005407409550002E-8,2000.0,86.05000000000001,82.94265491768151,83.22309079975948,81.70491803278689,27.0,22168.0,1.0,17.0
3000.0,0.21741896,1.8369276471862364E-8,3000.0,85.86666666666667,82.72348268511307,82.93762575452716,81.56521739130434,1027.0,22168.0,0.0,10.0
4000.0,0.276588096,2.349262333366192E-8,4000.0,87.125,84.26420251207493,84.51593505712567,83.25747724317296,2027.0,22168.0,0.0,19.0
5000.0,0.312170889,2.6564761331004815E-8,5000.0,87.2,84.36271618056215,84.5708775313404,83.38094001558038,659.0,22168.0,1.0,7.0
6000.0,0.345771505,2.9375012906779432E-8,6000.0,87.21666666666667,84.38203298486125,84.62617759069954,83.42338448238598,29.0,22168.0,1.0,33.0
7000.0,0.385565004,3.286373156533887E-8,7000.0,87.07142857142857,84.20525715860879,84.4260884529341,83.2469455757127,1029.0,22168.0,0.0,12.0
8000.0,0.422418486,3.60548069150125E-8,8000.0,87.575,84.82081344405589,85.05712567648828,83.91065069601812,2029.0,22168.0,0.0,22.0
9000.0,0.457745232,3.910483839256068E-8,9000.0,87.57777777777778,84.82724364759576,85.04147712068504,83.92060980871567,659.0,22168.0,1.0,7.0
10000.0,0.493225963,4.207233697063393E-8,10000.0,87.55,84.79238862104219,85.02705953096812,83.89183594255401,29.0,22168.0,1.0,33.0
