learning evaluation instances,evaluation time (cpu seconds),model cost (RAM-Hours),classified instances,classifications correct (percent),Kappa Statistic (percent),Kappa Temporal Statistic (percent),Kappa M Statistic (percent),model training instances,model serialized size (bytes),Change detected,Warning detected
1000.0,0.080729367,6.292490122951567E-9,1000.0,75.7,70.23255358140356,71.00238663484487,67.51336898395722,1.0,14168.0,3.0,0.0
2000.0,0.171579425,1.4054864674860405E-8,2000.0,73.75,67.89643696312524,68.39253461770018,65.18567639257296,201.0,22168.0,3.0,0.0
3000.0,0.222403427,1.82703897824304E-8,3000.0,75.36666666666667,69.84423465837341,70.42817126850741,67.34423331860363,1.0,14168.0,3.0,0.0
4000.0,0.276993895,2.2934686855086023E-8,4000.0,74.47500000000001,68.7696432367619,69.26550270921132,66.22560370492889,201.0,22168.0,3.0,0.0
5000.0,0.325364759,2.6946739893861944E-8,5000.0,75.3,69.76450787048223,70.3125,67.31074642668077,1.0,14168.0,3.0,0.0
6000.0,0.359561772,2.9868587488747306E-8,6000.0,74.71666666666667,69.06087939912435,69.55649207304836,66.57117672983694,201.0,22168.0,3.0,0.0
7000.0,0.400138216,3.3234143362484045E-8,7000.0,75.27142857142857,69.73012521790587,70.26284143617934,67.29642924617418,1.0,14168.0,3.0,0.0
8000.0,0.440136421,3.665165409884519E-8,8000.0,74.8375,69.20652888895688,69.7019867549669,66.743763423096,201.0,22168.0,3.0,0.0
9000.0,0.481073215,4.0047098694696195E-8,9000.0,75.25555555555556,69.710968011651,70.23523122159851,67.28848413631022,1.0,14168.0,3.0,0.0
10000.0,0.516411882,4.3066491036957336E-8,10000.0,74.91,69.29392863622638,69.789283564118,66.84725158562368,201.0,22168.0,3.0,0.0
