learning evaluation instances,evaluation time (cpu seconds),model cost (RAM-Hours),classified instances,classifications correct (percent),Kappa Statistic (percent),Kappa Temporal Statistic (percent),Kappa M Statistic (percent),model training instances,model serialized size (bytes),Change detected,Warning detected
1000.0,0.081191888,6.2539339222510656E-9,1000.0,76.8,71.40592858630664,72.08182912154031,68.6062246278755,1.0,10616.0,3.0,0.0
2000.0,0.187710924,1.5355091065598857E-8,2000.0,74.55000000000001,68.66263323767946,69.07654921020657,65.65452091767881,201.0,22168.0,3.0,0.0
3000.0,0.240744247,1.9705132602542223E-8,3000.0,75.86666666666667,70.29202041206281,70.7710940654017,67.46067415730337,1.0,10616.0,3.0,0.0
4000.0,0.306721014,2.534229330945139E-8,4000.0,74.97500000000001,69.196322514811,69.5929526123937,66.27358490566037,201.0,22168.0,3.0,0.0
5000.0,0.353710473,2.9196588814345497E-8,5000.0,75.68,70.06752873824935,70.50691244239631,67.23255187281057,1.0,10616.0,3.0,0.0
6000.0,0.387582223,3.209064541724407E-8,6000.0,75.11666666666666,69.37413909638325,69.7650870797894,66.47956892680736,201.0,22168.0,3.0,0.0
7000.0,0.428666775,3.546059279404167E-8,7000.0,75.6,69.97113376023918,70.3934824059629,67.13488551087165,1.0,10616.0,3.0,0.0
8000.0,0.469064091,3.8912204213858485E-8,8000.0,75.1875,69.46303242395217,69.85115431348726,66.58249158249157,201.0,22168.0,3.0,0.0
9000.0,0.508268489,4.2127932553771476E-8,9000.0,75.55555555555556,69.91753256187808,70.3304113283884,67.08065240161604,1.0,10616.0,3.0,0.0
10000.0,0.543490926,4.513739401856231E-8,10000.0,75.22999999999999,69.51636363323102,69.90279465370594,66.64422300026932,201.0,22168.0,3.0,0.0
