learning evaluation instances,evaluation time (cpu seconds),model cost (RAM-Hours),classified instances,classifications correct (percent),Kappa Statistic (percent),Kappa Temporal Statistic (percent),Kappa M Statistic (percent),model training instances,model serialized size (bytes),Change detected,Warning detected
1000.0,0.086315925,6.9589185598306364E-9,1000.0,86.3,83.24544324974806,83.7485172004745,81.41112618724559,1000.0,22168.0,0.0,0.0
2000.0,0.196347989,1.6296244285518512E-8,2000.0,87.15,84.23528076688919,84.40533980582524,82.5170068027211,2000.0,22168.0,0.0,0.0
3000.0,0.253074492,2.1110057791645327E-8,3000.0,88.73333333333333,86.19533304235527,86.43115214773182,84.76791347453808,3000.0,22168.0,0.0,0.0
4000.0,0.332148693,2.782029791979119E-8,4000.0,88.875,86.35179072173264,86.49878640776699,84.92547425474255,4000.0,22168.0,0.0,0.0
5000.0,0.371830431,3.1187691928390414E-8,5000.0,89.5,87.12856343882419,87.31577675767093,85.81464469062415,5000.0,22168.0,0.0,0.0
6000.0,0.399639752,3.3547592115186984E-8,6000.0,89.5,87.11857302414501,87.25728155339806,85.7916102841678,6000.0,22168.0,0.0,0.0
7000.0,0.431993393,3.629312349437633E-8,7000.0,89.88571428571429,87.59900682957927,87.76568170036289,86.33995755354043,7000.0,22168.0,0.0,0.0
8000.0,0.466131109,3.919005155548247E-8,8000.0,89.8625,87.56379020405429,87.69720873786407,86.29141311697093,8000.0,22168.0,0.0,0.0
9000.0,0.500007384,4.2064793721983835E-8,9000.0,90.13333333333333,87.90153337770447,88.05648957632818,86.67666916729182,9000.0,22168.0,0.0,0.0
10000.0,0.53398141,4.494783104258693E-8,10000.0,90.09,87.84321004025726,87.9733009708738,86.60448769937823,10000.0,22168.0,0.0,0.0
