learning evaluation instances,evaluation time (cpu seconds),model cost (RAM-Hours),classified instances,classifications correct (percent),Kappa Statistic (percent),Kappa Temporal Statistic (percent),Kappa M Statistic (percent),model training instances,model serialized size (bytes),Change detected,Warning detected
1000.0,0.08854726,7.551325682881805E-9,1000.0,77.5,72.4814066037286,72.92418772563177,69.55345060893099,770.0,21848.0,3.0,14.0
2000.0,0.177153152,1.554501105044451E-8,2000.0,80.60000000000001,76.21202200265347,76.42770352369381,73.8191632928475,921.0,22168.0,1.0,13.0
3000.0,0.225516014,1.983996116898126E-8,3000.0,83.96666666666667,80.33389315184729,80.58134840532902,78.38202247191009,1921.0,22168.0,0.0,2.0
4000.0,0.28217346,2.4871526596471668E-8,4000.0,86.02499999999999,82.85990594718336,83.0194410692588,81.16576819407008,2921.0,22168.0,0.0,0.0
5000.0,0.327456831,2.8892997030628223E-8,5000.0,87.32,84.44838647594402,84.62284744118361,82.91565615736998,3921.0,22168.0,0.0,2.0
6000.0,0.360478215,3.182551986447225E-8,6000.0,88.1,85.40668741614978,85.54070473876064,83.96946564885496,4921.0,22168.0,0.0,0.0
7000.0,0.400245645,3.535713733145346E-8,7000.0,88.72857142857143,86.17785128679374,86.32345293811751,84.81816432557244,5921.0,22168.0,0.0,2.0
8000.0,0.450164101,3.979023474645697E-8,8000.0,89.14999999999999,86.69581121907906,86.81652490886998,85.38720538720538,6921.0,22168.0,0.0,0.0
9000.0,0.491528377,4.3463662967255546E-8,9000.0,89.53333333333333,87.16609732812164,87.29602157788267,85.90453389196469,7921.0,22168.0,0.0,2.0
10000.0,0.530944734,4.6964102771033845E-8,10000.0,89.78,87.4693338921046,87.58201701093562,86.2375437651495,8921.0,22168.0,0.0,0.0
