learning evaluation instances,evaluation time (cpu seconds),model cost (RAM-Hours),classified instances,classifications correct (percent),Kappa Statistic (percent),Kappa Temporal Statistic (percent),Kappa M Statistic (percent),model training instances,model serialized size (bytes),Change detected,Warning detected
1000.0,0.083641642,6.519488826816281E-9,1000.0,75.2,69.62626837886332,69.82968369829685,66.88918558077437,1.0,14168.0,3.0,0.0
2000.0,0.183848023,1.5072987102319798E-8,2000.0,73.8,67.90936232105949,68.49067949488875,65.63934426229507,201.0,21848.0,3.0,0.0
3000.0,0.236477253,1.9438244298261903E-8,3000.0,74.43333333333332,68.68946851699525,69.13480885311871,66.65217391304347,1.0,14168.0,4.0,0.0
4000.0,0.321814537,2.6759093231546384E-8,4000.0,75.05,69.45809385760342,69.99398677089597,67.55526657997399,401.0,21848.0,2.0,0.0
5000.0,0.370847565,3.107053152465572E-8,5000.0,77.4,72.35876097387766,72.75795564127291,70.65697221500909,1401.0,21848.0,0.0,0.0
6000.0,0.398995131,3.360599444755664E-8,6000.0,79.41666666666667,74.83402684098773,75.24554018841452,73.30883942079102,2401.0,21848.0,0.0,0.0
7000.0,0.432113845,3.666039335276932E-8,7000.0,81.22857142857143,77.06235729590479,77.38771295818275,75.67567567567566,3401.0,21848.0,0.0,0.0
8000.0,0.466455058,3.990152492428199E-8,8000.0,82.4375,78.54158369985097,78.87853277209861,77.25801230171577,4401.0,21848.0,0.0,0.0
9000.0,0.50288324,4.341765580238775E-8,9000.0,83.55555555555556,79.91534408001148,80.19801980198021,78.71422407593846,5401.0,21848.0,0.0,0.0
10000.0,0.536710363,4.6755185672715314E-8,10000.0,84.3,80.82536191518727,81.11846061334937,79.68689351791951,6401.0,21848.0,0.0,0.0
