learning evaluation instances,evaluation time (cpu seconds),model cost (RAM-Hours),classified instances,classifications correct (percent),Kappa Statistic (percent),Kappa Temporal Statistic (percent),Kappa M Statistic (percent),model training instances,model serialized size (bytes),Change detected,Warning detected
1000.0,0.095292076,8.00780011114147E-9,1000.0,69.1,61.50199529302712,60.98484848484848,57.61316872427983,400.0,22168.0,5.0,17.0
2000.0,0.234831878,2.0608100119079982E-8,2000.0,78.4,73.30677192366726,73.21760694358339,70.96774193548387,1400.0,22168.0,0.0,2.0
3000.0,0.300965205,2.639879235311101E-8,3000.0,82.86666666666666,78.82929284483643,78.62785862785863,76.8364127985579,2400.0,22168.0,0.0,3.0
4000.0,0.381163977,3.342106731289377E-8,4000.0,85.35000000000001,81.94636653682018,81.83508989460633,80.32236400268638,3400.0,22168.0,0.0,0.0
5000.0,0.432016479,3.800878593934079E-8,5000.0,86.8,83.72757153926621,83.57391737182678,82.20544621191695,4400.0,22168.0,0.0,2.0
6000.0,0.476080468,4.198407083468098E-8,6000.0,87.81666666666666,85.00143932835994,84.89357305228353,83.63921217547002,5400.0,22168.0,0.0,0.0
7000.0,0.514984261,4.549382254336857E-8,7000.0,88.52857142857142,85.87242039092553,85.7396554786006,84.55472206193498,6400.0,22168.0,0.0,2.0
8000.0,0.549521224,4.860961551764566E-8,8000.0,89.1,86.58815301717723,86.48481091134532,85.36421617992616,7400.0,22168.0,0.0,0.0
9000.0,0.585539918,5.185908460697573E-8,9000.0,88.53333333333333,85.87601808088662,85.75372722252898,84.57168485573328,544.0,21848.0,2.0,8.0
10000.0,0.619987084,5.4963924756594416E-8,10000.0,88.49000000000001,85.82782755926071,85.72845629262244,84.54618689581096,1544.0,21848.0,0.0,1.0
