learning evaluation instances,evaluation time (cpu seconds),model cost (RAM-Hours),classified instances,classifications correct (percent),Kappa Statistic (percent),Kappa Temporal Statistic (percent),Kappa M Statistic (percent),model training instances,model serialized size (bytes),Change detected,Warning detected
1000.0,0.075253239,5.983393506668508E-9,1000.0,80.5,76.19806142364888,76.42079806529627,73.433242506812,1000.0,22168.0,0.0,0.0
2000.0,0.160313658,1.309599943616117E-8,2000.0,86.55000000000001,83.62870138173152,83.72655777374472,82.1736249171637,2000.0,22168.0,0.0,0.0
3000.0,0.209085722,1.717423553796071E-8,3000.0,88.6,86.11425961326995,86.20967741935483,84.81349911190054,3000.0,22168.0,0.0,0.0
4000.0,0.286351852,2.3635096427758948E-8,4000.0,89.75,87.52883576510897,87.59830611010284,86.45523620746613,4000.0,22168.0,0.0,0.0
5000.0,0.337132856,2.7881316636902177E-8,5000.0,90.36,88.26528137907582,88.33776917493346,87.21485411140583,5000.0,22168.0,0.0,0.0
6000.0,0.369725553,3.060666189931333E-8,6000.0,90.81666666666666,88.82817149912455,88.8888888888889,87.87678767876787,6000.0,22168.0,0.0,0.0
7000.0,0.404722843,3.353307509238935E-8,7000.0,91.10000000000001,89.16883513491793,89.23263048738335,88.21860816944024,7000.0,22168.0,0.0,0.0
8000.0,0.437831097,3.630153034436206E-8,8000.0,91.3375,89.46256496374318,89.51905626134302,88.57001484413657,8000.0,22168.0,0.0,0.0
9000.0,0.471258829,3.909669979717996E-8,9000.0,91.52222222222223,89.68407041253639,89.74324505981988,88.78930355568616,9000.0,22168.0,0.0,0.0
10000.0,0.504431598,4.1870549682484313E-8,10000.0,91.69,89.89164352753177,89.94555353901997,89.03838543727741,10000.0,22168.0,0.0,0.0
