learning evaluation instances,evaluation time (cpu seconds),model cost (RAM-Hours),classified instances,classifications correct (percent),Kappa Statistic (percent),Kappa Temporal Statistic (percent),Kappa M Statistic (percent),model training instances,model serialized size (bytes),Change detected,Warning detected
1000.0,0.094774421,7.463735565319657E-9,1000.0,64.9,56.943820886294894,58.362989323843415,52.374491180461334,9.0,17368.0,8.0,0.0
2000.0,0.220534578,1.8000145222507418E-8,2000.0,67.05,59.363405235646006,60.01213592233009,55.17006802721088,17.0,18000.0,6.0,0.0
3000.0,0.277807907,2.286273307091039E-8,3000.0,69.6,62.60668063904854,63.388197511039735,58.900405588102736,25.0,21848.0,4.0,0.0
4000.0,0.349440175,2.8939967936229787E-8,4000.0,68.75,61.509647068097436,62.07524271844661,57.655826558265574,225.0,21848.0,7.0,0.0
5000.0,0.385107779,3.196982271024957E-8,5000.0,68.82000000000001,61.589893593903824,62.33389707658855,57.87624966225346,329.0,22168.0,6.0,0.0
6000.0,0.416145644,3.457023025048896E-8,6000.0,68.66666666666667,61.35571947171212,61.974110032362454,57.60036084799278,17.0,18000.0,8.0,0.0
7000.0,0.452202842,3.763153812107319E-8,7000.0,69.52857142857142,62.461884897594935,63.14152410575428,58.84622805325102,25.0,21848.0,4.0,0.0
8000.0,0.488476688,4.070898754108076E-8,8000.0,69.1125,61.93050692126031,62.515169902912625,58.23191345503717,225.0,21848.0,7.0,0.0
9000.0,0.524363368,4.375789778447606E-8,9000.0,69.11111111111111,61.92846245493613,62.60928043039677,58.289572393098275,329.0,22168.0,6.0,0.0
10000.0,0.559672101,4.671612624282845E-8,10000.0,68.99,61.754200747895915,62.366504854368934,58.083265747499325,17.0,18000.0,8.0,0.0
