learning evaluation instances,evaluation time (cpu seconds),model cost (RAM-Hours),classified instances,classifications correct (percent),Kappa Statistic (percent),Kappa Temporal Statistic (percent),Kappa M Statistic (percent),model training instances,model serialized size (bytes),Change detected,Warning detected
1000.0,0.091869005,7.633254229473985E-9,1000.0,85.8,82.69094809722324,82.61933904528765,81.38925294888597,1000.0,22168.0,0.0,0.0
2000.0,0.197763375,1.6866886244414168E-8,2000.0,88.05,85.39071583047361,85.628382441371,84.14067684140674,2000.0,22168.0,0.0,0.0
3000.0,0.252782882,2.1664401742938077E-8,3000.0,89.33333333333333,86.97285346210667,87.09677419354838,85.92788038698329,3000.0,22168.0,0.0,0.0
4000.0,0.307205344,2.6409856930546875E-8,4000.0,89.9,87.65071515044806,87.8532772098617,86.61365142478463,4000.0,22168.0,0.0,0.0
5000.0,0.372763462,3.2126303774737236E-8,5000.0,90.32,88.17174470284783,88.31764421916486,87.21268163804493,5000.0,22168.0,0.0,0.0
6000.0,0.415032387,3.581201151460202E-8,6000.0,90.56666666666666,88.46485806782296,88.65504109039887,87.50275999116802,6000.0,22168.0,0.0,0.0
7000.0,0.46018694,3.9749336286458286E-8,7000.0,90.77142857142857,88.72034566528146,88.87357905614881,87.80211480362537,7000.0,22168.0,0.0,0.0
8000.0,0.496102136,4.2881020280691894E-8,8000.0,90.9,88.871755774783,89.05592303066747,87.94701986754967,8000.0,22168.0,0.0,0.0
9000.0,0.532015354,4.601253179999482E-8,9000.0,91.02222222222223,89.02520205694154,89.18195206855,88.12986631408845,9000.0,22168.0,0.0,0.0
10000.0,0.567091369,4.907104204053473E-8,10000.0,91.12,89.14034984949967,89.32050511124474,88.23996821613032,10000.0,22168.0,0.0,0.0
