learning evaluation instances,evaluation time (cpu seconds),model cost (RAM-Hours),classified instances,classifications correct (percent),Kappa Statistic (percent),Kappa Temporal Statistic (percent),Kappa M Statistic (percent),model training instances,model serialized size (bytes),Change detected,Warning detected
1000.0,0.076698146,6.3727309046975435E-9,1000.0,83.7,80.02693300690234,79.65043695380774,78.4676354029062,1000.0,22168.0,0.0,0.0
2000.0,0.166150561,1.4172679881755674E-8,2000.0,86.6,83.60076427781406,83.53808353808353,82.34519104084322,2000.0,22168.0,0.0,0.0
3000.0,0.211203434,1.810113850045121E-8,3000.0,87.8,85.08023653124468,84.93207081103334,83.95440596229724,3000.0,22168.0,0.0,0.0
4000.0,0.264767495,2.2771744015171295E-8,4000.0,88.275,85.66421526785528,85.59582309582309,84.58251150558844,4000.0,22168.0,0.0,0.0
5000.0,0.309137648,2.6640671751826174E-8,5000.0,88.64,86.11400470588558,85.99950702489524,85.07227332457292,5000.0,22168.0,0.0,0.0
6000.0,0.342571627,2.955600198969659E-8,6000.0,88.81666666666666,86.33084827068424,86.26126126126124,85.30442400350417,6000.0,22168.0,0.0,0.0
7000.0,0.382276572,3.3018139318654105E-8,7000.0,88.9857142857143,86.53940933970453,86.43799472295515,85.53199474573091,7000.0,22168.0,0.0,0.0
8000.0,0.421042327,3.6398382446323E-8,8000.0,89.0625,86.63363315494453,86.56326781326781,85.63218390804597,8000.0,22168.0,0.0,0.0
9000.0,0.459494374,3.9751271294136016E-8,9000.0,89.14444444444445,86.73499819640932,86.64022972788186,85.74347001313294,9000.0,22168.0,0.0,0.0
10000.0,0.497906003,4.310063582862831E-8,10000.0,89.18,86.77864898443343,86.7076167076167,85.78933543472552,10000.0,22168.0,0.0,0.0
