learning evaluation instances,evaluation time (cpu seconds),model cost (RAM-Hours),classified instances,classifications correct (percent),Kappa Statistic (percent),Kappa Temporal Statistic (percent),Kappa M Statistic (percent),model training instances,model serialized size (bytes),Change detected,Warning detected
1000.0,0.087549104,6.802133622401291E-9,1000.0,78.2,73.2448039077314,72.78401997503121,71.20211360634082,1.0,13200.0,3.0,0.0
2000.0,0.175934507,1.4353924101251694E-8,2000.0,76.0,70.55517301136233,70.51597051597052,68.37944664031622,201.0,22168.0,3.0,0.0
3000.0,0.229259479,1.8763534873616364E-8,3000.0,76.1,70.68105017179732,70.48167970358172,68.56641823761508,1.0,13200.0,4.0,0.0
4000.0,0.305899895,2.5049940743537413E-8,4000.0,76.44999999999999,71.11746881100552,71.06879606879608,69.0335305719921,1.0,10616.0,3.0,0.0
5000.0,0.342559882,2.8081471141527095E-8,5000.0,76.44,71.08918241140466,70.96376632980034,69.0407358738502,1.0,13200.0,3.0,0.0
6000.0,0.376687866,3.088080822949608E-8,6000.0,76.61666666666666,71.3121403729892,71.27354627354627,69.27288655278143,1.0,10616.0,3.0,0.0
7000.0,0.414444155,3.400299531098041E-8,7000.0,76.58571428571429,71.26417780834117,71.16974494283203,69.24376055545129,1.0,13200.0,3.0,0.0
8000.0,0.450120971,3.69293748536292E-8,8000.0,76.7,71.40952572022994,71.37592137592137,69.39244663382594,1.0,10616.0,3.0,0.0
9000.0,0.485536616,3.985800667179955E-8,9000.0,76.66666666666667,71.36141860925018,71.28401476822098,69.3564862104188,1.0,13200.0,3.0,0.0
10000.0,0.519859285,4.267331273528644E-8,10000.0,76.75,71.46797279946739,71.43734643734642,69.46414499605989,1.0,10616.0,3.0,0.0
