learning evaluation instances,evaluation time (cpu seconds),model cost (RAM-Hours),classified instances,classifications correct (percent),Kappa Statistic (percent),Kappa Temporal Statistic (percent),Kappa M Statistic (percent),model training instances,model serialized size (bytes),Change detected,Warning detected
1000.0,0.116304718,9.216831700955002E-9,1000.0,80.5,76.19806142364888,76.42079806529627,73.433242506812,1000.0,22168.0,0.0,0.0
2000.0,0.287203681,2.3462189963141252E-8,2000.0,92.60000000000001,91.01946107057735,91.0411622276029,90.45161290322581,2000.0,22168.0,0.0,0.0
3000.0,0.415337004,3.414279948480014E-8,3000.0,92.7,91.09158581975716,91.17291414752117,90.1749663526245,3000.0,22168.0,0.0,0.0
4000.0,0.506270337,4.172258747075581E-8,4000.0,93.2,91.75134677459465,91.76755447941888,91.22580645161291,4000.0,22168.0,0.0,0.0
5000.0,0.574368629,4.739895056596647E-8,5000.0,92.7,91.08941104668905,91.14077669902913,90.34391534391534,5000.0,22168.0,0.0,0.0
6000.0,0.639439005,5.282292039061172E-8,6000.0,93.8,92.41604129587836,92.40196078431372,91.80977542932628,6000.0,22168.0,0.0,0.0
7000.0,0.712935134,5.8949222564188144E-8,7000.0,92.30000000000001,90.59933511661097,90.68923821039904,89.63660834454913,7000.0,22168.0,0.0,0.0
8000.0,0.788717156,6.526606635464977E-8,8000.0,93.10000000000001,91.62957598343384,91.64648910411623,91.09677419354838,8000.0,22168.0,0.0,0.0
9000.0,0.867742297,7.185324175643838E-8,9000.0,92.7,91.08793159438126,91.14077669902913,90.34391534391534,9000.0,22168.0,0.0,0.0
10000.0,0.93215988,7.722279773331764E-8,10000.0,93.7,92.2892863918144,92.27941176470588,91.67767503302511,10000.0,22168.0,0.0,0.0
