learning evaluation instances,evaluation time (cpu seconds),model cost (RAM-Hours),classified instances,classifications correct (percent),Kappa Statistic (percent),Kappa Temporal Statistic (percent),Kappa M Statistic (percent),model training instances,model serialized size (bytes),Change detected,Warning detected
1000.0,0.077712143,6.102344496601985E-9,1000.0,85.7,82.52235427554547,82.79181708784597,81.05960264900662,1000.0,22168.0,0.0,0.0
2000.0,0.162501273,1.318787870482852E-8,2000.0,89.14999999999999,86.76644079156198,86.99820251647694,85.667107001321,2000.0,22168.0,0.0,0.0
3000.0,0.213543456,1.7455515703937658E-8,3000.0,90.63333333333333,88.57543539720419,88.75999999999999,87.6429199648197,3000.0,22168.0,0.0,0.0
4000.0,0.285943082,2.350884854511461E-8,4000.0,91.4,89.5182876172737,89.69442780107849,88.6580942960765,4000.0,22168.0,0.0,0.0
5000.0,0.338647625,2.7915475466379687E-8,5000.0,91.88,90.10161014133438,90.26145358599183,89.29607171104668,5000.0,22168.0,0.0,0.0
6000.0,0.37400912,3.087358698909895E-8,6000.0,92.18333333333332,90.47512474235619,90.63311364090274,89.69683655536028,6000.0,22168.0,0.0,0.0
7000.0,0.410256101,3.390577248238441E-8,7000.0,92.4,90.73780289392921,90.88729016786571,89.98493975903615,7000.0,22168.0,0.0,0.0
8000.0,0.443913536,3.6721333484504783E-8,8000.0,92.60000000000001,90.98405464576663,91.13241461953267,90.2487234393016,8000.0,22168.0,0.0,0.0
9000.0,0.481626702,3.987617043081671E-8,9000.0,92.72222222222221,91.131846427048,91.27481017716798,90.41135997657736,9000.0,22168.0,0.0,0.0
10000.0,0.514995252,4.266756520220389E-8,10000.0,92.86999999999999,91.31375814213347,91.45596165368484,90.6060606060606,10000.0,22168.0,0.0,0.0
