learning evaluation instances,evaluation time (cpu seconds),model cost (RAM-Hours),classified instances,classifications correct (percent),Kappa Statistic (percent),Kappa Temporal Statistic (percent),Kappa M Statistic (percent),model training instances,model serialized size (bytes),Change detected,Warning detected
1000.0,0.081195781,6.455885690239568E-9,1000.0,83.6,79.96280901869078,80.0486618004866,77.77777777777777,1000.0,22168.0,0.0,0.0
2000.0,0.200947977,1.6469358341242703E-8,2000.0,87.94999999999999,85.2327571759762,85.27794746487476,83.64993215739483,2000.0,22168.0,0.0,0.0
3000.0,0.256904481,2.1148344958321088E-8,3000.0,89.63333333333333,87.30576666502489,87.352582350549,86.00360036003602,3000.0,22168.0,0.0,0.0
4000.0,0.309920383,2.5581443494111298E-8,4000.0,90.5,88.35643228215919,88.39340256566891,87.15348208248818,4000.0,22168.0,0.0,0.0
5000.0,0.354826581,2.9336422530433367E-8,5000.0,91.02,88.99877050847242,89.0380859375,87.88451160280624,5000.0,22168.0,0.0,0.0
6000.0,0.387514102,3.206969681262349E-8,6000.0,91.48333333333333,89.56097783199078,89.59478721238038,88.4961728950923,6000.0,22168.0,0.0,0.0
7000.0,0.426319513,3.531453853360067E-8,7000.0,91.72857142857143,89.8646861835017,89.90057561486132,88.84393063583815,7000.0,22168.0,0.0,0.0
8000.0,0.462004206,3.829843118317632E-8,8000.0,91.9875,90.1782848159501,90.21075137446547,89.18326020924738,8000.0,22168.0,0.0,0.0
9000.0,0.496278366,4.116437748946456E-8,9000.0,92.12222222222223,90.345691423243,90.37991858887382,89.37668564578965,9000.0,22168.0,0.0,0.0
10000.0,0.530110995,4.39934037329836E-8,10000.0,92.29,90.54861374458346,90.58032987171656,89.59514170040487,10000.0,22168.0,0.0,0.0
