learning evaluation instances,evaluation time (cpu seconds),model cost (RAM-Hours),classified instances,classifications correct (percent),Kappa Statistic (percent),Kappa Temporal Statistic (percent),Kappa M Statistic (percent),model training instances,model serialized size (bytes),Change detected,Warning detected
1000.0,0.081361652,6.788840152497094E-9,1000.0,86.7,83.51383412438005,83.20707070707071,81.75582990397805,1000.0,22168.0,0.0,6.0
2000.0,0.199003629,1.6980599365515842E-8,2000.0,89.45,87.0150889589486,86.91878487290762,85.81989247311827,2000.0,22168.0,0.0,16.0
3000.0,0.28211365,2.422562091599943E-8,3000.0,88.96666666666667,86.39654283136852,86.23700623700624,85.08337088778728,628.0,21848.0,1.0,10.0
4000.0,0.330667,2.8458203977170505E-8,4000.0,89.075,86.55253037066396,86.45381277123373,85.3257219610477,1628.0,21848.0,0.0,26.0
5000.0,0.371685687,3.2033961361319657E-8,5000.0,88.56,85.90895609013933,85.76406172224989,84.57805338366137,797.0,21848.0,1.0,8.0
6000.0,0.404122817,3.487505768871142E-8,6000.0,88.86666666666667,86.3023136786572,86.19549493697045,85.04923903312445,1797.0,21848.0,0.0,24.0
7000.0,0.438638488,3.7883922049657755E-8,7000.0,88.52857142857142,85.87906500669519,85.7396554786006,84.55472206193498,797.0,21848.0,1.0,9.0
8000.0,0.474302368,4.1007642258213214E-8,8000.0,88.7625,86.17760288883487,86.0663360198388,84.91104397448808,1797.0,21848.0,0.0,24.0
9000.0,0.510642656,4.4175565530796434E-8,9000.0,88.5111111111111,85.86241029102287,85.7261181667587,84.54178502018237,797.0,21848.0,1.0,9.0
10000.0,0.552032746,4.780083178244738E-8,10000.0,88.7,86.10280627385735,85.98884066955983,84.828141783029,1797.0,21848.0,0.0,24.0
