learning evaluation instances,evaluation time (cpu seconds),model cost (RAM-Hours),classified instances,classifications correct (percent),Kappa Statistic (percent),Kappa Temporal Statistic (percent),Kappa M Statistic (percent),model training instances,model serialized size (bytes),Change detected,Warning detected
1000.0,0.079510299,6.4092515155486765E-9,1000.0,86.3,83.24544324974806,83.7485172004745,81.41112618724559,1000.0,22168.0,0.0,2.0
2000.0,0.165439677,1.355806111584728E-8,2000.0,87.15,84.23528076688919,84.40533980582524,82.5170068027211,2000.0,22168.0,0.0,2.0
3000.0,0.2120742,1.743777412538106E-8,3000.0,88.73333333333333,86.19533304235527,86.43115214773182,84.76791347453808,3000.0,22168.0,0.0,0.0
4000.0,0.266199264,2.1940655283673356E-8,4000.0,88.875,86.35179072173264,86.49878640776699,84.92547425474255,4000.0,22168.0,0.0,0.0
5000.0,0.298039794,2.4589596679974347E-8,5000.0,89.5,87.12856343882419,87.31577675767093,85.81464469062415,5000.0,22168.0,0.0,0.0
6000.0,0.329293969,2.7189756852080012E-8,6000.0,89.5,87.11857302414501,87.25728155339806,85.7916102841678,6000.0,22168.0,0.0,0.0
7000.0,0.365981415,3.02419326303713E-8,7000.0,89.88571428571429,87.59900682957927,87.76568170036289,86.33995755354043,7000.0,22168.0,0.0,0.0
8000.0,0.404246766,3.342538065425431E-8,8000.0,89.8625,87.56379020405429,87.69720873786407,86.29141311697093,8000.0,22168.0,0.0,0.0
9000.0,0.442049688,3.657035735492284E-8,9000.0,90.13333333333333,87.90153337770447,88.05648957632818,86.67666916729182,9000.0,22168.0,0.0,0.0
10000.0,0.479586096,3.9693161687000344E-8,10000.0,90.09,87.84321004025726,87.9733009708738,86.60448769937823,10000.0,22168.0,0.0,0.0
