learning evaluation instances,evaluation time (cpu seconds),model cost (RAM-Hours),classified instances,classifications correct (percent),Kappa Statistic (percent),Kappa Temporal Statistic (percent),Kappa M Statistic (percent),model training instances,model serialized size (bytes),Change detected,Warning detected,tree size (nodes),tree size (leaves),active learning leaves,tree depth,active leaf byte size estimate,inactive leaf byte size estimate,byte size estimate overhead
1000.0,0.143135625,1.3777561450842767E-8,1000.0,67.4,59.98433742777849,58.89029003783103,56.64893617021277,233.0,30240.0,6.0,0.0,1.0,1.0,1.0,0.0,0.0,0.0,1.0
2000.0,0.300409204,2.9722225177658515E-8,2000.0,64.85,56.783871716334986,56.28109452736317,53.536021150033044,145.0,30240.0,8.0,0.0,1.0,1.0,1.0,0.0,0.0,0.0,1.0
3000.0,0.39515945,3.933365742668303E-8,3000.0,66.36666666666666,58.65325722727951,57.97584339858391,55.55066079295155,89.0,30560.0,6.0,0.0,1.0,1.0,1.0,0.0,0.0,0.0,1.0
4000.0,0.478097493,4.774514739015657E-8,4000.0,66.9,59.3057199283793,58.83084577114428,56.31804684922469,257.0,30240.0,5.0,0.0,1.0,1.0,1.0,0.0,0.0,0.0,1.0
5000.0,0.563794565,5.6437519356929177E-8,5000.0,67.62,60.20122692316448,59.615864305313046,57.25976768743401,297.0,30240.0,6.0,0.0,1.0,1.0,1.0,0.0,0.0,0.0,1.0
6000.0,0.656522898,6.583847593866496E-8,6000.0,66.83333333333333,59.21397333372684,58.747927031509114,56.25412178500769,145.0,30240.0,8.0,0.0,1.0,1.0,1.0,0.0,0.0,0.0,1.0
7000.0,0.733812067,7.367866256389974E-8,7000.0,67.2,59.66863538029815,59.12408759124088,56.72823218997362,89.0,30560.0,6.0,0.0,1.0,1.0,1.0,0.0,0.0,0.0,1.0
8000.0,0.807568282,8.115894109200893E-8,8000.0,67.3625,59.8674627183177,59.40609452736319,56.96390308224824,257.0,30240.0,5.0,0.0,1.0,1.0,1.0,0.0,0.0,0.0,1.0
9000.0,0.879746156,8.84800421977602E-8,9000.0,67.71111111111111,60.3028356030289,59.77854671280277,57.41500586166472,297.0,30240.0,6.0,0.0,1.0,1.0,1.0,0.0,0.0,0.0,1.0
10000.0,0.96322129,9.69428936801499E-8,10000.0,67.23,59.700113256578256,59.241293532338304,56.79630850362558,145.0,30240.0,8.0,0.0,1.0,1.0,1.0,0.0,0.0,0.0,1.0
