learning evaluation instances,evaluation time (cpu seconds),model cost (RAM-Hours),classified instances,classifications correct (percent),Kappa Statistic (percent),Kappa Temporal Statistic (percent),Kappa M Statistic (percent),model training instances,model serialized size (bytes),Change detected,Warning detected,tree size (nodes),tree size (leaves),active learning leaves,tree depth,active leaf byte size estimate,inactive leaf byte size estimate,byte size estimate overhead
1000.0,0.09643824,9.581875109672546E-9,1000.0,84.5,80.97143874337837,81.34777376654633,79.02571041948579,1000.0,30560.0,0.0,0.0,1.0,1.0,1.0,0.0,0.0,0.0,1.0
2000.0,0.22297812,2.366278890495499E-8,2000.0,86.35000000000001,83.25321869456079,83.41433778857838,81.57894736842107,2000.0,30560.0,0.0,1.0,1.0,1.0,1.0,0.0,0.0,0.0,1.0
3000.0,0.318171287,3.4255550478831346E-8,3000.0,88.3,85.64550448690449,85.82963262010497,84.2247191011236,3000.0,30560.0,0.0,0.0,1.0,1.0,1.0,0.0,0.0,0.0,1.0
4000.0,0.361657803,3.9094577377332996E-8,4000.0,88.97500000000001,86.47851048988572,86.60388821385176,85.14150943396227,4000.0,30560.0,0.0,0.0,1.0,1.0,1.0,0.0,0.0,0.0,1.0
5000.0,0.405397778,4.396180830392159E-8,5000.0,89.7,87.36879674863508,87.50909531894251,86.1223389921854,5000.0,30560.0,0.0,0.0,1.0,1.0,1.0,0.0,0.0,0.0,1.0
6000.0,0.45281917,4.923869439551814E-8,6000.0,90.0,87.73809803594985,87.84933171324424,86.52896273013023,6000.0,30560.0,0.0,0.0,1.0,1.0,1.0,0.0,0.0,0.0,1.0
7000.0,0.499643473,5.4449138518487E-8,7000.0,90.37142857142857,88.19404230036108,88.31686600797364,87.03097941119876,7000.0,30560.0,0.0,0.0,1.0,1.0,1.0,0.0,0.0,0.0,1.0
8000.0,0.54601559,5.960926497017758E-8,8000.0,90.53750000000001,88.39826651404078,88.50243013365736,87.25589225589226,8000.0,30560.0,0.0,0.0,1.0,1.0,1.0,0.0,0.0,0.0,1.0
9000.0,0.592083738,6.473556681822986E-8,9000.0,90.75555555555556,88.66585315504777,88.77950101146325,87.55050127188387,9000.0,30560.0,0.0,0.0,1.0,1.0,1.0,0.0,0.0,0.0,1.0
10000.0,0.638228129,6.987035271977179E-8,10000.0,90.84,88.76992005923988,88.86998784933172,87.66496094802048,10000.0,30560.0,0.0,0.0,1.0,1.0,1.0,0.0,0.0,0.0,1.0
