learning evaluation instances,evaluation time (cpu seconds),model cost (RAM-Hours),classified instances,classifications correct (percent),Kappa Statistic (percent),Kappa Temporal Statistic (percent),Kappa M Statistic (percent),model training instances,model serialized size (bytes),Change detected,Warning detected,tree size (nodes),tree size (leaves),active learning leaves,tree depth,active leaf byte size estimate,inactive leaf byte size estimate,byte size estimate overhead
1000.0,0.098735358,9.810111313362916E-9,1000.0,84.39999999999999,80.99155830230245,81.38424821002386,79.14438502673796,1000.0,30560.0,0.0,0.0,1.0,1.0,1.0,0.0,0.0,0.0,1.0
2000.0,0.203610386,2.0692345056475864E-8,2000.0,88.55,86.04565568965538,86.21312462372065,84.81432360742704,2000.0,30560.0,0.0,0.0,1.0,1.0,1.0,0.0,0.0,0.0,1.0
3000.0,0.271031229,2.7688189412138115E-8,3000.0,89.76666666666667,87.52493320218032,87.71508603441376,86.43393725143615,3000.0,30560.0,0.0,0.0,1.0,1.0,1.0,0.0,0.0,0.0,1.0
4000.0,0.323132136,3.309437865484506E-8,4000.0,90.77499999999999,88.75507564344814,88.89223359422034,87.79358253390672,4000.0,30560.0,0.0,0.0,1.0,1.0,1.0,0.0,0.0,0.0,1.0
5000.0,0.371078057,3.806943066961857E-8,5000.0,91.02,89.0532254122765,89.20673076923077,88.11540497617786,5000.0,30560.0,0.0,0.0,1.0,1.0,1.0,0.0,0.0,0.0,1.0
6000.0,0.418094884,4.2948076339906294E-8,6000.0,91.5,89.63876993508283,89.76520168573148,88.76156897311591,6000.0,30560.0,0.0,0.0,1.0,1.0,1.0,0.0,0.0,0.0,1.0
7000.0,0.464246323,4.77369260437559E-8,7000.0,91.55714285714286,89.70811651218145,89.84710530836625,88.83430946533157,7000.0,30560.0,0.0,0.0,1.0,1.0,1.0,0.0,0.0,0.0,1.0
8000.0,0.509706297,5.2454026696390165E-8,8000.0,91.8375,90.05013406796765,90.17158338350391,89.2119610110689,8000.0,30560.0,0.0,0.0,1.0,1.0,1.0,0.0,0.0,0.0,1.0
9000.0,0.555034874,5.715749309409824E-8,9000.0,91.85555555555555,90.07201379245146,90.20315423683508,89.23325499412456,9000.0,30560.0,0.0,0.0,1.0,1.0,1.0,0.0,0.0,0.0,1.0
10000.0,0.599827064,6.180530192658719E-8,10000.0,92.04,90.29702619089834,90.41541240216738,89.48202959830867,10000.0,30560.0,0.0,0.0,1.0,1.0,1.0,0.0,0.0,0.0,1.0
