learning evaluation instances,evaluation time (cpu seconds),model cost (RAM-Hours),classified instances,classifications correct (percent),Kappa Statistic (percent),Kappa Temporal Statistic (percent),Kappa M Statistic (percent),model training instances,model serialized size (bytes),Change detected,Warning detected,tree size (nodes),tree size (leaves),active learning leaves,tree depth,active leaf byte size estimate,inactive leaf byte size estimate,byte size estimate overhead
1000.0,0.153674384,1.5773778882424037E-8,1000.0,83.2,79.43933011379352,79.56204379562041,77.57009345794393,1000.0,30560.0,0.0,8.0,1.0,1.0,1.0,0.0,0.0,0.0,1.0
2000.0,0.331527031,3.3595343345285706E-8,2000.0,85.95,82.81589401381578,83.1028262176789,81.5737704918033,27.0,30560.0,1.0,17.0,1.0,1.0,1.0,0.0,0.0,0.0,1.0
3000.0,0.437797438,4.49104855201145E-8,3000.0,85.8,82.63914123792159,82.85714285714285,81.47826086956523,1027.0,30560.0,0.0,10.0,1.0,1.0,1.0,0.0,0.0,0.0,1.0
4000.0,0.56659071,5.848434354472491E-8,4000.0,87.075,84.20103133344975,84.45580276608538,83.1924577373212,2027.0,30560.0,0.0,17.0,1.0,1.0,1.0,0.0,0.0,0.0,1.0
5000.0,0.652859239,6.755480470282129E-8,5000.0,87.16000000000001,84.31226892974,84.52266152362586,83.32900545312907,659.0,30560.0,1.0,7.0,1.0,1.0,1.0,0.0,0.0,0.0,1.0
6000.0,0.805501756,8.285021077281899E-8,6000.0,87.18333333333334,84.33994656643146,84.58608939667268,83.38015993084072,29.0,30560.0,1.0,33.0,1.0,1.0,1.0,0.0,0.0,0.0,1.0
7000.0,0.879731492,9.07538223251866E-8,7000.0,87.04285714285714,84.16920069997616,84.39167096885218,83.20992225101814,1029.0,30560.0,0.0,12.0,1.0,1.0,1.0,0.0,0.0,0.0,1.0
8000.0,0.961665724,9.938908420845866E-8,8000.0,87.55,84.78927998544901,85.02705953096812,83.87827775979281,2029.0,30560.0,0.0,22.0,1.0,1.0,1.0,0.0,0.0,0.0,1.0
9000.0,1.011938247,1.046748468437646E-7,9000.0,87.55555555555556,84.79923682517584,85.01471768798501,83.89184524665612,659.0,30560.0,1.0,7.0,1.0,1.0,1.0,0.0,0.0,0.0,1.0
10000.0,1.103305703,1.1383024056085489E-7,10000.0,87.53,84.76716421155783,85.003006614552,83.86595937378704,29.0,30560.0,1.0,33.0,1.0,1.0,1.0,0.0,0.0,0.0,1.0
