learning evaluation instances,evaluation time (cpu seconds),model cost (RAM-Hours),classified instances,classifications correct (percent),Kappa Statistic (percent),Kappa Temporal Statistic (percent),Kappa M Statistic (percent),model training instances,model serialized size (bytes),Change detected,Warning detected,tree size (nodes),tree size (leaves),active learning leaves,tree depth,active leaf byte size estimate,inactive leaf byte size estimate,byte size estimate overhead
1000.0,0.113403379,1.0918022418396754E-8,1000.0,84.8,81.26484483717054,81.44078144078145,79.48717948717949,1000.0,30560.0,0.0,0.0,1.0,1.0,1.0,0.0,0.0,0.0,1.0
2000.0,0.223547444,2.193074613792201E-8,2000.0,87.7,84.85323337288322,85.0091407678245,83.5010060362173,2000.0,30560.0,0.0,0.0,1.0,1.0,1.0,0.0,0.0,0.0,1.0
3000.0,0.303628138,2.993759206547919E-8,3000.0,89.36666666666667,86.90271522999353,87.03252032520325,85.74620196604111,3000.0,30560.0,0.0,0.0,1.0,1.0,1.0,0.0,0.0,0.0,1.0
4000.0,0.350677098,3.464176925170339E-8,4000.0,90.14999999999999,87.87232762198968,87.99512492382692,86.81392235609103,4000.0,30560.0,0.0,0.0,1.0,1.0,1.0,0.0,0.0,0.0,1.0
5000.0,0.397473918,3.9320736290121245E-8,5000.0,90.8,88.6712426637061,88.78322360399903,87.68406961178046,5000.0,30560.0,0.0,0.0,1.0,1.0,1.0,0.0,0.0,0.0,1.0
6000.0,0.447217876,4.429437210217946E-8,6000.0,91.10000000000001,89.04338041670445,89.15295551492991,88.09364548494983,6000.0,30560.0,0.0,0.0,1.0,1.0,1.0,0.0,0.0,0.0,1.0
7000.0,0.494126659,4.898453373002716E-8,7000.0,91.37142857142857,89.3761137899626,89.48101706722397,88.45565749235473,7000.0,30560.0,0.0,0.0,1.0,1.0,1.0,0.0,0.0,0.0,1.0
8000.0,0.538933463,5.346452957189952E-8,8000.0,91.525,89.56698124988026,89.6709323583181,88.66599799398195,8000.0,30560.0,0.0,0.0,1.0,1.0,1.0,0.0,0.0,0.0,1.0
9000.0,0.583731767,5.794367554363484E-8,9000.0,91.65555555555555,89.72665078540736,89.82798320465936,88.83935205825532,9000.0,30560.0,0.0,0.0,1.0,1.0,1.0,0.0,0.0,0.0,1.0
10000.0,0.62815257,6.238507718282855E-8,10000.0,91.75,89.84423893834504,89.94515539305301,88.96911351784998,10000.0,30560.0,0.0,0.0,1.0,1.0,1.0,0.0,0.0,0.0,1.0
