learning evaluation instances,evaluation time (cpu seconds),model cost (RAM-Hours),classified instances,classifications correct (percent),Kappa Statistic (percent),Kappa Temporal Statistic (percent),Kappa M Statistic (percent),model training instances,model serialized size (bytes),Change detected,Warning detected,tree size (nodes),tree size (leaves),active learning leaves,tree depth,active leaf byte size estimate,inactive leaf byte size estimate,byte size estimate overhead
1000.0,0.112726993,1.0886731249905296E-8,1000.0,83.2,79.43933011379352,79.56204379562041,77.57009345794393,1000.0,30560.0,0.0,0.0,1.0,1.0,1.0,0.0,0.0,0.0,1.0
2000.0,0.217076296,2.142243324925295E-8,2000.0,86.9,83.98279434213607,84.24533974744438,82.81967213114754,2000.0,30560.0,0.0,0.0,1.0,1.0,1.0,0.0,0.0,0.0,1.0
3000.0,0.284448147,2.822468036421885E-8,3000.0,88.86666666666667,86.40334385468459,86.55935613682092,85.47826086956522,3000.0,30560.0,0.0,0.0,1.0,1.0,1.0,0.0,0.0,0.0,1.0
4000.0,0.331720234,3.299754043324333E-8,4000.0,89.425,87.08462805102762,87.28202044497894,86.2483745123537,4000.0,30560.0,0.0,0.0,1.0,1.0,1.0,0.0,0.0,0.0,1.0
5000.0,0.378372125,3.7707781969615154E-8,5000.0,90.14,87.96372202340525,88.11475409836065,87.19813035575174,5000.0,30560.0,0.0,0.0,1.0,1.0,1.0,0.0,0.0,0.0,1.0
6000.0,0.42479597,4.2394998678517426E-8,6000.0,90.36666666666666,88.23952626044607,88.41451192623772,87.50810460341474,6000.0,30560.0,0.0,0.0,1.0,1.0,1.0,0.0,0.0,0.0,1.0
7000.0,0.470530767,4.701264516334981E-8,7000.0,90.75714285714285,88.71971730401093,88.86594389950095,88.02295446131063,7000.0,30560.0,0.0,0.0,1.0,1.0,1.0,0.0,0.0,0.0,1.0
8000.0,0.515629392,5.156606008726483E-8,8000.0,90.8875,88.87787780144174,89.0408899579074,88.20006474587245,8000.0,30560.0,0.0,0.0,1.0,1.0,1.0,0.0,0.0,0.0,1.0
9000.0,0.560695481,5.61161899906728E-8,9000.0,91.12222222222222,89.16656359510398,89.30960663633931,88.50855745721272,9000.0,30560.0,0.0,0.0,1.0,1.0,1.0,0.0,0.0,0.0,1.0
10000.0,0.605290709,6.061877907649511E-8,10000.0,91.19,89.24842263925842,89.40469031870116,88.60137145814465,10000.0,30560.0,0.0,0.0,1.0,1.0,1.0,0.0,0.0,0.0,1.0
