learning evaluation instances,evaluation time (cpu seconds),model cost (RAM-Hours),classified instances,classifications correct (percent),Kappa Statistic (percent),Kappa Temporal Statistic (percent),Kappa M Statistic (percent),model training instances,model serialized size (bytes),Change detected,Warning detected,tree size (nodes),tree size (leaves),active learning leaves,tree depth,active leaf byte size estimate,inactive leaf byte size estimate,byte size estimate overhead
1000.0,0.105493597,1.0481593933320707E-8,1000.0,87.2,84.39806389724176,83.85876418663304,82.97872340425532,1000.0,30560.0,0.0,0.0,1.0,1.0,1.0,0.0,0.0,0.0,1.0
2000.0,0.211035722,2.143304821083322E-8,2000.0,89.05,86.64809186600536,86.38059701492536,85.5254461335096,2000.0,30560.0,0.0,0.0,1.0,1.0,1.0,0.0,0.0,0.0,1.0
3000.0,0.306664249,3.135582966957655E-8,3000.0,90.60000000000001,88.54403019392818,88.2548937942524,87.57709251101323,3000.0,30560.0,0.0,0.0,1.0,1.0,1.0,0.0,0.0,0.0,1.0
4000.0,0.366808589,3.7596636262784394E-8,4000.0,90.975,88.99818576730948,88.77487562189053,88.0897393599472,4000.0,30560.0,0.0,0.0,1.0,1.0,1.0,0.0,0.0,0.0,1.0
5000.0,0.40732884,4.1801172377059436E-8,5000.0,91.52,89.66553679785488,89.42379645796957,88.80675818373813,5000.0,30560.0,0.0,0.0,1.0,1.0,1.0,0.0,0.0,0.0,1.0
6000.0,0.452533991,4.6491831621266896E-8,6000.0,91.66666666666666,89.84209330890562,89.6351575456053,89.008573312816,6000.0,30560.0,0.0,0.0,1.0,1.0,1.0,0.0,0.0,0.0,1.0
7000.0,0.497865031,5.119555358926868E-8,7000.0,91.95714285714286,90.19802208969365,89.97685597293929,89.38937052393517,7000.0,30560.0,0.0,0.0,1.0,1.0,1.0,0.0,0.0,0.0,1.0
8000.0,0.543036486,5.588271640772827E-8,8000.0,92.05,90.3096109765901,90.11194029850745,89.51705950222515,8000.0,30560.0,0.0,0.0,1.0,1.0,1.0,0.0,0.0,0.0,1.0
9000.0,0.588108819,6.05595939486184E-8,9000.0,92.26666666666667,90.57500716692164,90.3667820069204,89.80070339976552,9000.0,30560.0,0.0,0.0,1.0,1.0,1.0,0.0,0.0,0.0,1.0
10000.0,0.632783619,6.519522194603665E-8,10000.0,92.32000000000001,90.63875504218228,90.44776119402985,89.87475280158208,10000.0,30560.0,0.0,0.0,1.0,1.0,1.0,0.0,0.0,0.0,1.0
