learning evaluation instances,evaluation time (cpu seconds),model cost (RAM-Hours),classified instances,classifications correct (percent),Kappa Statistic (percent),Kappa Temporal Statistic (percent),Kappa M Statistic (percent),model training instances,model serialized size (bytes),Change detected,Warning detected,tree size (nodes),tree size (leaves),active learning leaves,tree depth,active leaf byte size estimate,inactive leaf byte size estimate,byte size estimate overhead
1000.0,0.095055634,9.140951835881505E-9,1000.0,86.7,83.51383412438005,83.20707070707071,81.75582990397805,1000.0,30560.0,0.0,0.0,1.0,1.0,1.0,0.0,0.0,0.0,1.0
2000.0,0.201366993,1.983096972559889E-8,2000.0,89.45,87.0150889589486,86.91878487290762,85.81989247311827,2000.0,30560.0,0.0,0.0,1.0,1.0,1.0,0.0,0.0,0.0,1.0
3000.0,0.277517214,2.748816865949581E-8,3000.0,90.7,88.54240030553599,88.3991683991684,87.42676881478144,3000.0,30560.0,0.0,0.0,1.0,1.0,1.0,0.0,0.0,0.0,1.0
4000.0,0.322099036,3.19710431069591E-8,4000.0,91.225,89.20957691550376,89.11965282083075,88.21356615177972,4000.0,30560.0,0.0,0.0,1.0,1.0,1.0,0.0,0.0,0.0,1.0
5000.0,0.368868699,3.667391341986756E-8,5000.0,91.56,89.61413202594125,89.49726231956197,88.62227015368023,5000.0,30560.0,0.0,0.0,1.0,1.0,1.0,0.0,0.0,0.0,1.0
6000.0,0.415200382,4.133274315160596E-8,6000.0,91.83333333333333,89.96090900895732,89.87394089687952,89.03312444046556,6000.0,30560.0,0.0,0.0,1.0,1.0,1.0,0.0,0.0,0.0,1.0
7000.0,0.460095161,4.584708663455314E-8,7000.0,92.0,90.16041016430634,90.05505238856331,89.22869782650513,7000.0,30560.0,0.0,0.0,1.0,1.0,1.0,0.0,0.0,0.0,1.0
8000.0,0.504393343,5.030143998415106E-8,8000.0,92.15,90.35175385296104,90.26658400495971,89.45955018462571,8000.0,30560.0,0.0,0.0,1.0,1.0,1.0,0.0,0.0,0.0,1.0
9000.0,0.54867223,5.475385314695123E-8,9000.0,92.25555555555556,90.47742123405729,90.37824406405302,89.5799073105098,9000.0,30560.0,0.0,0.0,1.0,1.0,1.0,0.0,0.0,0.0,1.0
10000.0,0.592787315,5.9189795385789534E-8,10000.0,92.35,90.59859368479887,90.51456912585245,89.72878625134264,10000.0,30560.0,0.0,0.0,1.0,1.0,1.0,0.0,0.0,0.0,1.0
