learning evaluation instances,evaluation time (cpu seconds),model cost (RAM-Hours),classified instances,classifications correct (percent),Kappa Statistic (percent),Kappa Temporal Statistic (percent),Kappa M Statistic (percent),model training instances,model serialized size (bytes),Change detected,Warning detected,tree size (nodes),tree size (leaves),active learning leaves,tree depth,active leaf byte size estimate,inactive leaf byte size estimate,byte size estimate overhead
1000.0,0.168138484,1.691706561309596E-8,1000.0,80.4,76.0689896840252,76.29987908101572,73.29700272479565,1000.0,30560.0,0.0,10.0,1.0,1.0,1.0,0.0,0.0,0.0,1.0
2000.0,0.341977102,3.533335108277698E-8,2000.0,86.5,83.56587118382029,83.66606170598911,82.10735586481113,2000.0,30560.0,0.0,11.0,1.0,1.0,1.0,0.0,0.0,0.0,1.0
3000.0,0.496837028,5.173905332455205E-8,3000.0,88.56666666666668,86.07246298543863,86.16935483870968,84.76909413854352,3000.0,30560.0,0.0,17.0,1.0,1.0,1.0,0.0,0.0,0.0,1.0
4000.0,0.60971622,6.304066657464537E-8,4000.0,88.85,86.43236022022774,86.50937689050211,85.26593987446316,125.0,30240.0,1.0,12.0,1.0,1.0,1.0,0.0,0.0,0.0,1.0
5000.0,0.760659527,7.893647869159777E-8,5000.0,87.96000000000001,85.34330650720185,85.43430921848537,84.0318302387268,1125.0,30240.0,0.0,23.0,1.0,1.0,1.0,0.0,0.0,0.0,1.0
6000.0,0.854830496,8.89165579119635E-8,6000.0,88.78333333333333,86.35413513299244,86.428715466828,85.19251925192518,2125.0,30240.0,0.0,9.0,1.0,1.0,1.0,0.0,0.0,0.0,1.0
7000.0,0.9566079,9.970275418401384E-8,7000.0,89.31428571428572,86.99540992114613,87.07224334600761,85.85476550680787,3125.0,30240.0,0.0,19.0,1.0,1.0,1.0,0.0,0.0,0.0,1.0
8000.0,1.03118286,1.0716929731856409E-7,8000.0,89.35,87.04414828124357,87.11433756805808,85.9475507174666,125.0,30240.0,1.0,15.0,1.0,1.0,1.0,0.0,0.0,0.0,1.0
9000.0,1.127454124,1.1730760656340874E-7,9000.0,88.8,86.37152648938394,86.44979163866113,85.18953864237437,1125.0,30240.0,0.0,23.0,1.0,1.0,1.0,0.0,0.0,0.0,1.0
10000.0,1.191611803,1.2410692832694282E-7,10000.0,89.21,86.8748245693796,86.9449485783424,85.76704920195225,2125.0,30240.0,0.0,9.0,1.0,1.0,1.0,0.0,0.0,0.0,1.0
