learning evaluation instances,evaluation time (cpu seconds),model cost (RAM-Hours),classified instances,classifications correct (percent),Kappa Statistic (percent),Kappa Temporal Statistic (percent),Kappa M Statistic (percent),model training instances,model serialized size (bytes),Change detected,Warning detected,tree size (nodes),tree size (leaves),active learning leaves,tree depth,active leaf byte size estimate,inactive leaf byte size estimate,byte size estimate overhead
1000.0,0.168928474,1.6437165035783416E-8,1000.0,81.8,77.79564428622146,77.7233782129743,76.14678899082568,28.0,30240.0,2.0,13.0,1.0,1.0,1.0,0.0,0.0,0.0,1.0
2000.0,0.328135023,3.339593210897305E-8,2000.0,78.45,73.6246009649969,74.08298256163559,71.40013271400133,728.0,30560.0,4.0,10.0,1.0,1.0,1.0,0.0,0.0,0.0,1.0
3000.0,0.443627106,4.572665454073706E-8,3000.0,81.89999999999999,77.88115294999429,78.10483870967741,76.12137203166226,1728.0,30560.0,0.0,5.0,1.0,1.0,1.0,0.0,0.0,0.0,1.0
4000.0,0.526038761,5.462816177110912E-8,4000.0,84.05,80.49229139746743,80.81779915814793,78.86017229953612,2728.0,30560.0,0.0,2.0,1.0,1.0,1.0,0.0,0.0,0.0,1.0
5000.0,0.596486905,6.17550057973899E-8,5000.0,85.02,81.69327480330291,81.9213130581704,80.2113606340819,33.0,30560.0,1.0,1.0,1.0,1.0,1.0,0.0,0.0,0.0,1.0
6000.0,0.737843503,7.70233168045866E-8,6000.0,83.5,79.81477713271151,80.15634395670475,78.14086994921617,706.0,30560.0,4.0,22.0,1.0,1.0,1.0,0.0,0.0,0.0,1.0
7000.0,0.814540004,8.521195831794913E-8,7000.0,84.25714285714285,80.75262813081994,81.01963486048915,79.1918429003021,1706.0,30560.0,0.0,5.0,1.0,1.0,1.0,0.0,0.0,0.0,1.0
8000.0,0.877407053,9.20701867543906E-8,8000.0,85.1375,81.82029321619424,82.1256764882742,80.31456953642385,2706.0,30560.0,0.0,1.0,1.0,1.0,1.0,0.0,0.0,0.0,1.0
9000.0,0.940005191,9.840288965514551E-8,9000.0,85.58888888888889,82.38041698593011,82.63489088231357,80.94608491258998,33.0,30560.0,1.0,1.0,1.0,1.0,1.0,0.0,0.0,0.0,1.0
10000.0,1.059264145,1.1128437397089683E-7,10000.0,84.61999999999999,81.18455577445738,81.5033072760072,79.63183684280227,706.0,30560.0,4.0,22.0,1.0,1.0,1.0,0.0,0.0,0.0,1.0
