learning evaluation instances,evaluation time (cpu seconds),model cost (RAM-Hours),classified instances,classifications correct (percent),Kappa Statistic (percent),Kappa Temporal Statistic (percent),Kappa M Statistic (percent),model training instances,model serialized size (bytes),Change detected,Warning detected,tree size (nodes),tree size (leaves),active learning leaves,tree depth,active leaf byte size estimate,inactive leaf byte size estimate,byte size estimate overhead
1000.0,0.188894506,1.9655928982574906E-8,1000.0,79.80000000000001,75.29577802400468,75.42579075425792,73.03070761014688,940.0,30240.0,1.0,13.0,1.0,1.0,1.0,0.0,0.0,0.0,1.0
2000.0,0.319543029,3.359404067773372E-8,2000.0,84.1,80.56503790887142,80.87793144918821,79.14754098360656,1940.0,30240.0,0.0,2.0,1.0,1.0,1.0,0.0,0.0,0.0,1.0
3000.0,0.409467102,4.33965022774227E-8,3000.0,86.66666666666667,83.71788080620371,83.90342052313883,82.6086956521739,2940.0,30240.0,0.0,1.0,1.0,1.0,1.0,0.0,0.0,0.0,1.0
4000.0,0.482993745,5.141150949981064E-8,4000.0,87.575,84.82740408942674,85.05712567648828,83.84265279583876,3940.0,30240.0,0.0,0.0,1.0,1.0,1.0,0.0,0.0,0.0,1.0
5000.0,0.549241061,5.858899939766775E-8,5000.0,88.62,86.11045880986991,86.28254580520732,85.22461698260192,4940.0,30240.0,0.0,1.0,1.0,1.0,1.0,0.0,0.0,0.0,1.0
6000.0,0.623402848,6.653188223446409E-8,6000.0,88.98333333333333,86.55277689225926,86.75085187412307,85.71428571428572,5940.0,30240.0,0.0,5.0,1.0,1.0,1.0,0.0,0.0,0.0,1.0
7000.0,0.68223187,7.294472820399951E-8,7000.0,89.52857142857142,87.22196345999544,87.38599208397866,86.43095149944465,6940.0,30240.0,0.0,1.0,1.0,1.0,1.0,0.0,0.0,0.0,1.0
8000.0,0.73930634,7.907181629330749E-8,8000.0,89.7625,87.50616015714473,87.68791340950091,86.74328261573325,7940.0,30240.0,0.0,1.0,1.0,1.0,1.0,0.0,0.0,0.0,1.0
9000.0,0.791361983,8.474630839015255E-8,9000.0,90.11111111111111,87.93429823197249,88.09205244848809,87.19976988350352,8940.0,30240.0,0.0,1.0,1.0,1.0,1.0,0.0,0.0,0.0,1.0
10000.0,0.842883427,9.027726515376941E-8,10000.0,90.25999999999999,88.11482881326688,88.28622970535177,87.39811101048001,9940.0,30240.0,0.0,1.0,1.0,1.0,1.0,0.0,0.0,0.0,1.0
