learning evaluation instances,evaluation time (cpu seconds),model cost (RAM-Hours),classified instances,classifications correct (percent),Kappa Statistic (percent),Kappa Temporal Statistic (percent),Kappa M Statistic (percent),model training instances,model serialized size (bytes),Change detected,Warning detected,tree size (nodes),tree size (leaves),active learning leaves,tree depth,active leaf byte size estimate,inactive leaf byte size estimate,byte size estimate overhead
1000.0,0.126294781,1.1814394140409099E-8,1000.0,77.0,71.53451254709182,72.3889555822329,68.31955922865014,1.0,19976.0,3.0,0.0,1.0,1.0,1.0,0.0,0.0,0.0,1.0
2000.0,0.252131703,2.4640449783822728E-8,2000.0,75.25,69.43318000522414,69.8905109489051,66.44067796610167,201.0,30240.0,3.0,0.0,1.0,1.0,1.0,0.0,0.0,0.0,1.0
3000.0,0.390274243,3.829477611647298E-8,3000.0,75.2,69.31871463559169,69.96366572466694,66.33484162895927,1.0,19976.0,4.0,0.0,1.0,1.0,1.0,0.0,0.0,0.0,1.0
4000.0,0.4491657,4.432745235725824E-8,4000.0,75.4,69.63561816049241,70.07299270072993,66.7455221358567,401.0,30560.0,2.0,0.0,1.0,1.0,1.0,0.0,0.0,0.0,1.0
5000.0,0.518484876,5.11791191227196E-8,5000.0,76.38000000000001,70.83376222438275,71.34190730405243,68.02923659989172,1.0,19976.0,3.0,0.0,1.0,1.0,1.0,0.0,0.0,0.0,1.0
6000.0,0.585335731,5.79929601831341E-8,6000.0,75.9,70.24862765108185,70.68126520681264,67.45442268737341,201.0,30240.0,3.0,0.0,1.0,1.0,1.0,0.0,0.0,0.0,1.0
7000.0,0.655638627,6.494186009560402E-8,7000.0,75.78571428571429,70.08457329394263,70.59843885516044,67.26535341830822,1.0,19976.0,4.0,0.0,1.0,1.0,1.0,0.0,0.0,0.0,1.0
8000.0,0.715963296,7.112135056753333E-8,8000.0,75.8125,70.14587328026344,70.57481751824817,67.35279230639448,401.0,30560.0,2.0,0.0,1.0,1.0,1.0,0.0,0.0,0.0,1.0
9000.0,0.779333852,7.738504205246974E-8,9000.0,76.3111111111111,70.75492351562033,71.22418679983802,67.99759831882317,1.0,19976.0,3.0,0.0,1.0,1.0,1.0,0.0,0.0,0.0,1.0
10000.0,0.839615639,8.35293242079599E-8,10000.0,76.03,70.41163379502458,70.83941605839415,67.65618674942652,201.0,30240.0,3.0,0.0,1.0,1.0,1.0,0.0,0.0,0.0,1.0
