learning evaluation instances,evaluation time (cpu seconds),model cost (RAM-Hours),classified instances,classifications correct (percent),Kappa Statistic (percent),Kappa Temporal Statistic (percent),Kappa M Statistic (percent),model training instances,model serialized size (bytes),Change detected,Warning detected,tree size (nodes),tree size (leaves),active learning leaves,tree depth,active leaf byte size estimate,inactive leaf byte size estimate,byte size estimate overhead
1000.0,0.181700659,1.8929916689381416E-8,1000.0,82.6,78.69907671515278,78.24999999999999,76.54986522911051,1000.0,30560.0,0.0,14.0,1.0,1.0,1.0,0.0,0.0,0.0,1.0
2000.0,0.321534854,3.415591629996275E-8,2000.0,88.25,85.69243297133158,85.61811505507957,84.46794448116326,2000.0,30560.0,0.0,6.0,1.0,1.0,1.0,0.0,0.0,0.0,1.0
3000.0,0.386347953,4.121316163351345E-8,3000.0,89.33333333333333,86.9868727367664,86.85291700903862,85.86572438162544,3000.0,30560.0,0.0,0.0,1.0,1.0,1.0,0.0,0.0,0.0,1.0
4000.0,0.457884528,4.887176965985033E-8,4000.0,90.60000000000001,88.55195820125078,88.49449204406366,87.61120263591434,4000.0,30560.0,0.0,2.0,1.0,1.0,1.0,0.0,0.0,0.0,1.0
5000.0,0.520068784,5.552913118594223E-8,5000.0,90.78,88.76005182957098,88.66764995083581,87.82356048600106,5000.0,30560.0,0.0,0.0,1.0,1.0,1.0,0.0,0.0,0.0,1.0
6000.0,0.588184616,6.282151913820042E-8,6000.0,91.36666666666666,89.48579232166493,89.4328845369237,88.63287250384025,6000.0,30560.0,0.0,2.0,1.0,1.0,1.0,0.0,0.0,0.0,1.0
7000.0,0.644674982,6.886930057669266E-8,7000.0,91.37142857142857,89.48409539069596,89.40722553490004,88.62094951017332,7000.0,30560.0,0.0,0.0,1.0,1.0,1.0,0.0,0.0,0.0,1.0
8000.0,0.703216621,7.513668850126573E-8,8000.0,91.75,89.95262281072789,89.90208078335374,89.14295114328014,8000.0,30560.0,0.0,2.0,1.0,1.0,1.0,0.0,0.0,0.0,1.0
9000.0,0.758377514,8.097341327351002E-8,9000.0,91.71111111111111,89.89986196026709,89.83097055616139,89.0775988286969,9000.0,30560.0,0.0,2.0,1.0,1.0,1.0,0.0,0.0,0.0,1.0
10000.0,0.812662924,8.678513513381697E-8,10000.0,91.97999999999999,90.23286458390419,90.18359853121174,89.44875674253387,10000.0,30560.0,0.0,2.0,1.0,1.0,1.0,0.0,0.0,0.0,1.0
