learning evaluation instances,evaluation time (cpu seconds),model cost (RAM-Hours),classified instances,classifications correct (percent),Kappa Statistic (percent),Kappa Temporal Statistic (percent),Kappa M Statistic (percent),model training instances,model serialized size (bytes),Change detected,Warning detected,tree size (nodes),tree size (leaves),active learning leaves,tree depth,active leaf byte size estimate,inactive leaf byte size estimate,byte size estimate overhead
1000.0,0.114718831,1.186448961233927E-8,1000.0,86.7,83.51383412438005,83.20707070707071,81.75582990397805,1000.0,30560.0,0.0,1.0,1.0,1.0,1.0,0.0,0.0,0.0,1.0
2000.0,0.223214739,2.356344363225831E-8,2000.0,89.45,87.0150889589486,86.91878487290762,85.81989247311827,2000.0,30560.0,0.0,0.0,1.0,1.0,1.0,0.0,0.0,0.0,1.0
3000.0,0.322556965,3.4275369599184234E-8,3000.0,90.7,88.54240030553599,88.3991683991684,87.42676881478144,3000.0,30560.0,0.0,0.0,1.0,1.0,1.0,0.0,0.0,0.0,1.0
4000.0,0.378719057,4.033124529147728E-8,4000.0,91.225,89.20957691550376,89.11965282083075,88.21356615177972,4000.0,30560.0,0.0,0.0,1.0,1.0,1.0,0.0,0.0,0.0,1.0
5000.0,0.427854283,4.5629424368722575E-8,5000.0,91.56,89.61413202594125,89.49726231956197,88.62227015368023,5000.0,30560.0,0.0,0.0,1.0,1.0,1.0,0.0,0.0,0.0,1.0
6000.0,0.474657477,5.067614386888428E-8,6000.0,91.83333333333333,89.96090900895732,89.87394089687952,89.03312444046556,6000.0,30560.0,0.0,0.0,1.0,1.0,1.0,0.0,0.0,0.0,1.0
7000.0,0.520944726,5.5667229779327494E-8,7000.0,92.0,90.16041016430634,90.05505238856331,89.22869782650513,7000.0,30560.0,0.0,0.0,1.0,1.0,1.0,0.0,0.0,0.0,1.0
8000.0,0.566473673,6.05765491015671E-8,8000.0,92.15,90.35175385296104,90.26658400495971,89.45955018462571,8000.0,30560.0,0.0,0.0,1.0,1.0,1.0,0.0,0.0,0.0,1.0
9000.0,0.611964783,6.548178851580454E-8,9000.0,92.25555555555556,90.47742123405729,90.37824406405302,89.5799073105098,9000.0,30560.0,0.0,0.0,1.0,1.0,1.0,0.0,0.0,0.0,1.0
10000.0,0.657180014,7.035728030365167E-8,10000.0,92.35,90.59859368479887,90.51456912585245,89.72878625134264,10000.0,30560.0,0.0,0.0,1.0,1.0,1.0,0.0,0.0,0.0,1.0
