learning evaluation instances,evaluation time (cpu seconds),model cost (RAM-Hours),classified instances,classifications correct (percent),Kappa Statistic (percent),Kappa Temporal Statistic (percent),Kappa M Statistic (percent),model training instances,model serialized size (bytes),Change detected,Warning detected,tree size (nodes),tree size (leaves),active learning leaves,tree depth,active leaf byte size estimate,inactive leaf byte size estimate,byte size estimate overhead
1000.0,0.192354837,1.8519152084992577E-8,1000.0,65.0,56.97333207121774,57.420924574209245,53.27102803738318,73.0,30560.0,7.0,0.0,1.0,1.0,1.0,0.0,0.0,0.0,1.0
2000.0,0.349972896,3.449678253842517E-8,2000.0,65.60000000000001,57.766498459060365,58.62898376428143,54.88524590163936,113.0,30240.0,7.0,0.0,1.0,1.0,1.0,0.0,0.0,0.0,1.0
3000.0,0.454916049,4.513827031811699E-8,3000.0,66.53333333333333,58.91178994266476,59.59758551307848,56.34782608695652,57.0,30560.0,7.0,0.0,1.0,1.0,1.0,0.0,0.0,0.0,1.0
4000.0,0.549662234,5.47367410369238E-8,4000.0,66.625,59.0299331604816,59.86169573060734,56.59947984395319,33.0,30240.0,8.0,0.0,1.0,1.0,1.0,0.0,0.0,0.0,1.0
5000.0,0.627321399,6.261735295802561E-8,5000.0,68.0,60.720201006515396,61.42719382835102,58.452350038950925,201.0,30560.0,4.0,0.0,1.0,1.0,1.0,0.0,0.0,0.0,1.0
6000.0,0.714575751,7.146009753018823E-8,6000.0,68.03333333333333,60.777793932909574,61.55542192824214,58.547655068078676,113.0,30240.0,7.0,0.0,1.0,1.0,1.0,0.0,0.0,0.0,1.0
7000.0,0.795408461,7.965204430673063E-8,7000.0,67.84285714285714,60.55366857766622,61.26312166580623,58.330248056275444,121.0,30240.0,6.0,0.0,1.0,1.0,1.0,0.0,0.0,0.0,1.0
8000.0,0.879320847,8.816721375826538E-8,8000.0,67.625,60.26272323546738,61.064341551413115,58.07704758821626,193.0,30560.0,7.0,0.0,1.0,1.0,1.0,0.0,0.0,0.0,1.0
9000.0,0.957115066,9.605670044084181E-8,9000.0,67.83333333333333,60.51971480732984,61.26572116671126,58.36329641881203,73.0,30560.0,7.0,0.0,1.0,1.0,1.0,0.0,0.0,0.0,1.0
10000.0,1.030542042,1.0349994073503338E-7,10000.0,67.67,60.32343335702105,61.11846061334937,58.17052658817441,113.0,30240.0,7.0,0.0,1.0,1.0,1.0,0.0,0.0,0.0,1.0
