learning evaluation instances,evaluation time (cpu seconds),model cost (RAM-Hours),classified instances,classifications correct (percent),Kappa Statistic (percent),Kappa Temporal Statistic (percent),Kappa M Statistic (percent),model training instances,model serialized size (bytes),Change detected,Warning detected,tree size (nodes),tree size (leaves),active learning leaves,tree depth,active leaf byte size estimate,inactive leaf byte size estimate,byte size estimate overhead
1000.0,0.118350244,1.2241528461856973E-8,1000.0,86.3,83.24544324974806,83.7485172004745,81.41112618724559,1000.0,30560.0,0.0,2.0,1.0,1.0,1.0,0.0,0.0,0.0,1.0
2000.0,0.238455695,2.5192322410607918E-8,2000.0,87.15,84.23528076688919,84.40533980582524,82.5170068027211,2000.0,30560.0,0.0,2.0,1.0,1.0,1.0,0.0,0.0,0.0,1.0
3000.0,0.304906011,3.23575621493554E-8,3000.0,88.73333333333333,86.19533304235527,86.43115214773182,84.76791347453808,3000.0,30560.0,0.0,0.0,1.0,1.0,1.0,0.0,0.0,0.0,1.0
4000.0,0.353663949,3.761505881704597E-8,4000.0,88.875,86.35179072173264,86.49878640776699,84.92547425474255,4000.0,30560.0,0.0,0.0,1.0,1.0,1.0,0.0,0.0,0.0,1.0
5000.0,0.402741078,4.290697338031812E-8,5000.0,89.5,87.12856343882419,87.31577675767093,85.81464469062415,5000.0,30560.0,0.0,0.0,1.0,1.0,1.0,0.0,0.0,0.0,1.0
6000.0,0.449012582,4.789636153059287E-8,6000.0,89.5,87.11857302414501,87.25728155339806,85.7916102841678,6000.0,30560.0,0.0,0.0,1.0,1.0,1.0,0.0,0.0,0.0,1.0
7000.0,0.494500633,5.280127109736411E-8,7000.0,89.88571428571429,87.59900682957927,87.76568170036289,86.33995755354043,7000.0,30560.0,0.0,0.0,1.0,1.0,1.0,0.0,0.0,0.0,1.0
8000.0,0.539499614,5.76534449660985E-8,8000.0,89.8625,87.56379020405429,87.69720873786407,86.29141311697093,8000.0,30560.0,0.0,0.0,1.0,1.0,1.0,0.0,0.0,0.0,1.0
9000.0,0.584555158,6.251171793984456E-8,9000.0,90.13333333333333,87.90153337770447,88.05648957632818,86.67666916729182,9000.0,30560.0,0.0,0.0,1.0,1.0,1.0,0.0,0.0,0.0,1.0
10000.0,0.629472595,6.735509903911708E-8,10000.0,90.09,87.84321004025726,87.9733009708738,86.60448769937823,10000.0,30560.0,0.0,0.0,1.0,1.0,1.0,0.0,0.0,0.0,1.0
