learning evaluation instances,evaluation time (cpu seconds),model cost (RAM-Hours),classified instances,classifications correct (percent),Kappa Statistic (percent),Kappa Temporal Statistic (percent),Kappa M Statistic (percent),model training instances,model serialized size (bytes),Change detected,Warning detected,tree size (nodes),tree size (leaves),active learning leaves,tree depth,active leaf byte size estimate,inactive leaf byte size estimate,byte size estimate overhead
1000.0,0.215159228,2.2417029274784857E-8,1000.0,66.7,59.271086997202794,59.97596153846154,56.47058823529413,353.0,30560.0,8.0,23.0,1.0,1.0,1.0,0.0,0.0,0.0,1.0
2000.0,0.352551699,3.708655518555393E-8,2000.0,78.14999999999999,73.24261539045575,73.51515151515152,71.02122015915118,1353.0,30560.0,0.0,4.0,1.0,1.0,1.0,0.0,0.0,0.0,1.0
3000.0,0.43838125,4.625065867055621E-8,3000.0,82.56666666666666,78.70157526895879,78.92828364222402,77.06140350877193,2353.0,30560.0,0.0,0.0,1.0,1.0,1.0,0.0,0.0,0.0,1.0
4000.0,0.507291415,5.366530983254727E-8,4000.0,84.875,81.51442111951415,81.66666666666667,79.98676811114787,3353.0,30560.0,0.0,1.0,1.0,1.0,1.0,0.0,0.0,0.0,1.0
5000.0,0.567177145,6.010894260473962E-8,5000.0,86.26,83.22407247435115,83.37366892545984,81.89723320158103,4353.0,30560.0,0.0,0.0,1.0,1.0,1.0,0.0,0.0,0.0,1.0
6000.0,0.635371881,6.744661446380532E-8,6000.0,87.16666666666667,84.32542693618383,84.44444444444447,83.03217276333187,5353.0,30560.0,0.0,2.0,1.0,1.0,1.0,0.0,0.0,0.0,1.0
7000.0,0.698101607,7.419625779693738E-8,7000.0,87.81428571428572,85.12578649801551,85.24731926668973,83.93596986817326,6353.0,30560.0,0.0,0.0,1.0,1.0,1.0,0.0,0.0,0.0,1.0
8000.0,0.761347611,8.100145202408648E-8,8000.0,88.2875,85.69906576132747,85.80303030303031,84.52007269122748,7353.0,30560.0,0.0,2.0,1.0,1.0,1.0,0.0,0.0,0.0,1.0
9000.0,0.815743572,8.685439223162002E-8,9000.0,88.66666666666667,86.16851191223351,86.27556512378902,85.05494505494507,8353.0,30560.0,0.0,0.0,1.0,1.0,1.0,0.0,0.0,0.0,1.0
10000.0,0.876537377,9.339573278544263E-8,10000.0,88.96,86.52304513504208,86.61818181818181,85.4122621564482,9353.0,30560.0,0.0,2.0,1.0,1.0,1.0,0.0,0.0,0.0,1.0
