learning evaluation instances,evaluation time (cpu seconds),model cost (RAM-Hours),classified instances,classifications correct (percent),Kappa Statistic (percent),Kappa Temporal Statistic (percent),Kappa M Statistic (percent),model training instances,model serialized size (bytes),Change detected,Warning detected,tree size (nodes),tree size (leaves),active learning leaves,tree depth,active leaf byte size estimate,inactive leaf byte size estimate,byte size estimate overhead
1000.0,0.16351187,1.5369006097151174E-8,1000.0,75.7,70.02605143184195,69.5869837296621,66.75786593707251,1.0,19008.0,3.0,0.0,1.0,1.0,1.0,0.0,0.0,0.0,1.0
2000.0,0.322682801,3.159266434762834E-8,2000.0,74.15,68.09384482746917,68.32107843137256,65.02029769959405,201.0,30240.0,3.0,0.0,1.0,1.0,1.0,0.0,0.0,0.0,1.0
3000.0,0.421567221,4.134186495654078E-8,3000.0,74.8,68.909036174638,68.90168654874537,65.85365853658537,1.0,19008.0,4.0,0.0,1.0,1.0,1.0,0.0,0.0,0.0,1.0
4000.0,0.480804629,4.720695703273639E-8,4000.0,75.075,69.24949806822387,69.4546568627451,66.32894292468761,1.0,20624.0,3.0,0.0,1.0,1.0,1.0,0.0,0.0,0.0,1.0
5000.0,0.545006415,5.375078905401338E-8,5000.0,75.8,70.17765981385438,70.21904996308147,67.27076007573707,201.0,30240.0,2.0,0.0,1.0,1.0,1.0,0.0,0.0,0.0,1.0
6000.0,0.618792492,6.105634394166577E-8,6000.0,75.86666666666667,70.27956400859307,70.42483660130718,67.41674167416743,1.0,20624.0,4.0,0.0,1.0,1.0,1.0,0.0,0.0,0.0,1.0
7000.0,0.684781721,6.756234591395284E-8,7000.0,75.87142857142857,70.281807044094,70.342405618964,67.39382239382239,1.0,19008.0,3.0,0.0,1.0,1.0,1.0,0.0,0.0,0.0,1.0
8000.0,0.752200308,7.443405363310956E-8,8000.0,75.4625,69.76807974327355,69.92953431372547,66.88037793149992,201.0,30240.0,3.0,0.0,1.0,1.0,1.0,0.0,0.0,0.0,1.0
9000.0,0.820910105,8.120828151198725E-8,9000.0,75.53333333333333,69.85356068192408,69.94677221236522,66.95182350292662,1.0,19008.0,4.0,0.0,1.0,1.0,1.0,0.0,0.0,0.0,1.0
10000.0,0.882154646,8.727209970148901E-8,10000.0,75.57000000000001,69.8951944880726,70.06127450980392,67.0310391363023,1.0,20624.0,3.0,0.0,1.0,1.0,1.0,0.0,0.0,0.0,1.0
