learning evaluation instances,evaluation time (cpu seconds),model cost (RAM-Hours),classified instances,classifications correct (percent),Kappa Statistic (percent),Kappa Temporal Statistic (percent),Kappa M Statistic (percent),model training instances,model serialized size (bytes),Change detected,Warning detected,tree size (nodes),tree size (leaves),active learning leaves,tree depth,active leaf byte size estimate,inactive leaf byte size estimate,byte size estimate overhead
1000.0,0.138521588,1.4326226370897557E-8,1000.0,85.1,81.7259306591052,81.4214463840399,80.36890645586297,1000.0,30560.0,0.0,3.0,1.0,1.0,1.0,0.0,0.0,0.0,1.0
2000.0,0.242675868,2.5557029035803343E-8,2000.0,88.2,85.5159453484704,85.30510585305106,84.20348058902276,2000.0,30560.0,0.0,0.0,1.0,1.0,1.0,0.0,0.0,0.0,1.0
3000.0,0.312288693,3.306327746382397E-8,3000.0,89.73333333333333,87.42437442046985,87.20930232558139,86.3716814159292,3000.0,30560.0,0.0,0.0,1.0,1.0,1.0,0.0,0.0,0.0,1.0
4000.0,0.356718357,3.785406271866005E-8,4000.0,90.35,88.17127986751832,87.98256537982564,87.1118530884808,4000.0,30560.0,0.0,0.0,1.0,1.0,1.0,0.0,0.0,0.0,1.0
5000.0,0.408147589,4.339960108539503E-8,5000.0,90.88000000000001,88.83301478038655,88.63976083707026,87.87556500930604,5000.0,30560.0,0.0,0.0,1.0,1.0,1.0,0.0,0.0,0.0,1.0
6000.0,0.461518248,4.9154480667155646E-8,6000.0,91.14999999999999,89.15816853902646,88.97882938978829,88.18950177935943,6000.0,30560.0,0.0,0.0,1.0,1.0,1.0,0.0,0.0,0.0,1.0
7000.0,0.50878632,5.425132727761235E-8,7000.0,91.45714285714286,89.5422404298384,89.35943060498221,88.63549980995819,7000.0,30560.0,0.0,0.0,1.0,1.0,1.0,0.0,0.0,0.0,1.0
8000.0,0.554201558,5.9148385525796974E-8,8000.0,91.5875,89.69758035504618,89.52366127023662,88.77772219443055,8000.0,30560.0,0.0,0.0,1.0,1.0,1.0,0.0,0.0,0.0,1.0
9000.0,0.599391032,6.402109997425643E-8,9000.0,91.77777777777779,89.93606621621144,89.75920287849432,89.05811030607718,9000.0,30560.0,0.0,0.0,1.0,1.0,1.0,0.0,0.0,0.0,1.0
10000.0,0.643770513,6.880647407008749E-8,10000.0,91.85,90.02103724522345,89.85056039850562,89.13043478260869,10000.0,30560.0,0.0,0.0,1.0,1.0,1.0,0.0,0.0,0.0,1.0
