learning evaluation instances,evaluation time (cpu seconds),model cost (RAM-Hours),classified instances,classifications correct (percent),Kappa Statistic (percent),Kappa Temporal Statistic (percent),Kappa M Statistic (percent),model training instances,model serialized size (bytes),Change detected,Warning detected,tree size (nodes),tree size (leaves),active learning leaves,tree depth,active leaf byte size estimate,inactive leaf byte size estimate,byte size estimate overhead
1000.0,0.222839982,2.2893977551124987E-8,1000.0,81.5,77.20580081566268,77.4114774114774,74.79564032697546,1000.0,30560.0,0.0,12.0,1.0,1.0,1.0,0.0,0.0,0.0,1.0
2000.0,0.423134067,4.397903502812609E-8,2000.0,86.45,83.33489632737397,83.41493268053856,81.6891891891892,2000.0,30560.0,0.0,12.0,1.0,1.0,1.0,0.0,0.0,0.0,1.0
3000.0,0.575593287,5.925607398716733E-8,3000.0,87.7,84.86973621950062,84.9510603588907,83.37837837837839,72.0,30560.0,1.0,18.0,1.0,1.0,1.0,0.0,0.0,0.0,1.0
4000.0,0.685740529,7.086477839767727E-8,4000.0,88.4,85.7427825909543,85.79736761554943,84.35603506405933,1072.0,30560.0,0.0,11.0,1.0,1.0,1.0,0.0,0.0,0.0,1.0
5000.0,0.820722447,8.507969955157696E-8,5000.0,88.0,85.25196066579926,85.31211750306,83.81003777657851,421.0,30240.0,1.0,19.0,1.0,1.0,1.0,0.0,0.0,0.0,1.0
6000.0,0.925137534,9.607563331051627E-8,6000.0,88.73333333333333,86.15695028604532,86.20408163265306,84.81581311769992,1421.0,30240.0,0.0,12.0,1.0,1.0,1.0,0.0,0.0,0.0,1.0
7000.0,1.031053059,1.0724733339494302E-7,7000.0,88.34285714285714,85.67925964179194,85.7292759706191,84.28351309707243,428.0,30240.0,1.0,15.0,1.0,1.0,1.0,0.0,0.0,0.0,1.0
8000.0,1.113569664,1.1593714201036427E-7,8000.0,88.91250000000001,86.38179699174356,86.42277667227923,85.06231054227011,1428.0,30240.0,0.0,12.0,1.0,1.0,1.0,0.0,0.0,0.0,1.0
9000.0,1.19111621,1.2370762387680096E-7,9000.0,89.03333333333333,86.52747657679787,86.5732553394096,85.22012578616352,72.0,30560.0,1.0,17.0,1.0,1.0,1.0,0.0,0.0,0.0,1.0
10000.0,1.258734081,1.308340472266202E-7,10000.0,89.18,86.71017508054653,86.74993877051187,85.42564655172416,1072.0,30560.0,0.0,11.0,1.0,1.0,1.0,0.0,0.0,0.0,1.0
