learning evaluation instances,evaluation time (cpu seconds),model cost (RAM-Hours),classified instances,classifications correct (percent),Kappa Statistic (percent),Kappa Temporal Statistic (percent),Kappa M Statistic (percent),model training instances,model serialized size (bytes),Change detected,Warning detected,tree size (nodes),tree size (leaves),active learning leaves,tree depth,active leaf byte size estimate,inactive leaf byte size estimate,byte size estimate overhead
1000.0,0.129313116,1.2455100618973376E-8,1000.0,68.8,61.331869232313664,61.24223602484472,57.20164609053497,297.0,30240.0,5.0,0.0,1.0,1.0,1.0,0.0,0.0,0.0,1.0
2000.0,0.272049668,2.693779208568235E-8,2000.0,69.6,62.31594546844595,62.399505256648105,58.72369314324507,177.0,30560.0,6.0,0.0,1.0,1.0,1.0,0.0,0.0,0.0,1.0
3000.0,0.366137293,3.648200828918566E-8,3000.0,69.3,61.96281248864253,61.97357555739058,58.212341197822134,57.0,30560.0,6.0,0.0,1.0,1.0,1.0,0.0,0.0,0.0,1.0
4000.0,0.448759855,4.485432066079229E-8,4000.0,69.525,62.2445096966413,62.30674087816945,58.649932157394844,33.0,30240.0,6.0,0.0,1.0,1.0,1.0,0.0,0.0,0.0,1.0
5000.0,0.536172924,5.372147220753133E-8,5000.0,69.76,62.52170060460528,62.56499133448873,58.90187550964936,105.0,30560.0,6.0,0.0,1.0,1.0,1.0,0.0,0.0,0.0,1.0
6000.0,0.630090689,6.324729163480301E-8,6000.0,69.69999999999999,62.439238805761995,62.523191094619655,58.89667646393849,81.0,30560.0,6.0,0.0,1.0,1.0,1.0,0.0,0.0,0.0,1.0
7000.0,0.710189616,7.136487357461617E-8,7000.0,69.72857142857143,62.48264382808254,62.53536067892503,58.88630190143578,89.0,30240.0,6.0,0.0,1.0,1.0,1.0,0.0,0.0,0.0,1.0
8000.0,0.784974119,7.894293947471926E-8,8000.0,69.78750000000001,62.561685315862746,62.63141620284478,59.02000678196,33.0,30240.0,6.0,0.0,1.0,1.0,1.0,0.0,0.0,0.0,1.0
9000.0,0.855926744,8.61403492637972E-8,9000.0,69.88888888888889,62.68084413084589,62.73889729135157,59.11902247699502,105.0,30560.0,6.0,0.0,1.0,1.0,1.0,0.0,0.0,0.0,1.0
10000.0,0.923215869,9.296529930566748E-8,10000.0,69.84,62.61515888371542,62.69635126777984,59.09399159093991,81.0,30560.0,6.0,0.0,1.0,1.0,1.0,0.0,0.0,0.0,1.0
