learning evaluation instances,evaluation time (cpu seconds),model cost (RAM-Hours),classified instances,classifications correct (percent),Kappa Statistic (percent),Kappa Temporal Statistic (percent),Kappa M Statistic (percent),model training instances,model serialized size (bytes),Change detected,Warning detected
1000.0,0.081989279,6.3121302043418916E-9,1000.0,68.2,64.64541463257359,64.90066225165563,63.236994219653184,1000.0,15168.0,0.0,0.0
2000.0,0.197098666,1.5626725868702763E-8,2000.0,74.7,71.87420097161852,71.21729237770194,71.41242937853107,2000.0,15168.0,0.0,0.0
3000.0,0.266924935,2.127703362758168E-8,3000.0,76.9,74.30624069157368,74.50331125827815,73.80952380952381,3000.0,15168.0,0.0,0.0
4000.0,0.315110021,2.5176147373556678E-8,4000.0,75.8,73.09622435525436,72.46871444823664,72.65536723163842,4000.0,15168.0,0.0,0.0
5000.0,0.348881909,2.7908952140748087E-8,5000.0,73.0,69.97604755794067,69.66292134831461,69.24829157175398,5000.0,15168.0,0.0,0.0
6000.0,0.393413131,3.151239698725649E-8,6000.0,72.5,69.41749786200508,69.1358024691358,69.06636670416198,6000.0,15168.0,0.0,0.0
7000.0,0.448888888,3.600146828801268E-8,7000.0,77.10000000000001,74.52640243834611,74.72406181015452,74.44196428571429,7000.0,15168.0,0.0,0.0
8000.0,0.499347881,4.0084585483535714E-8,8000.0,75.7,72.98499166203446,72.35494880546075,72.54237288135593,8000.0,15168.0,0.0,0.0
9000.0,0.560541167,4.503631645282317E-8,9000.0,74.0,71.0851520031317,70.78651685393258,70.3872437357631,9000.0,15168.0,0.0,0.0
10000.0,0.624035111,5.017421554958034E-8,10000.0,72.89999999999999,69.86193206145497,69.58473625140292,69.51631046119235,10000.0,15168.0,0.0,0.0
