learning evaluation instances,evaluation time (cpu seconds),model cost (RAM-Hours),classified instances,classifications correct (percent),Kappa Statistic (percent),Kappa Temporal Statistic (percent),Kappa M Statistic (percent),model training instances,model serialized size (bytes),Change detected,Warning detected
1000.0,0.031967705,2.419094173486034E-9,1000.0,86.7,67.66036084228955,70.04504504504504,59.57446808510638,1000.0,3024.0,0.0,0.0
2000.0,0.146739887,1.1680274724997581E-8,2000.0,81.75,56.20718202214837,59.89010989010989,47.40634005763689,753.0,3024.0,2.0,0.0
3000.0,0.231846111,1.8541313114037946E-8,3000.0,74.13333333333333,45.94172852716289,43.89009399855385,39.51675759937645,441.0,3024.0,2.0,0.0
4000.0,0.271106392,2.1721486108065068E-8,4000.0,71.0,41.550449897776254,37.73483628556092,38.753959873284046,1441.0,3024.0,0.0,0.0
5000.0,0.303013942,2.4292203422012846E-8,5000.0,68.16,36.16311447012176,32.34169145771356,33.08112652374947,2441.0,3024.0,0.0,0.0
6000.0,0.335180598,2.6896178752471594E-8,6000.0,67.10000000000001,34.13277884151771,30.541871921182278,30.29661016949153,3441.0,3024.0,0.0,0.0
7000.0,0.373818648,3.002211125999897E-8,7000.0,67.04285714285714,34.09630191655739,30.112087246288986,33.14981164879744,409.0,3024.0,1.0,0.0
8000.0,0.412114234,3.3115106470756656E-8,8000.0,67.10000000000001,34.159903381159126,30.315064866296016,33.16404266124937,1409.0,3024.0,0.0,0.0
9000.0,0.44984633,3.6160247926618916E-8,9000.0,66.47777777777777,32.78990341132144,28.99505766062604,30.371567043618747,649.0,3024.0,1.0,0.0
10000.0,0.47676233,3.833047879706449E-8,10000.0,66.3,32.20939869012467,28.88795104452417,28.465293992782854,657.0,3024.0,1.0,0.0
