learning evaluation instances,evaluation time (cpu seconds),model cost (RAM-Hours),classified instances,classifications correct (percent),Kappa Statistic (percent),Kappa Temporal Statistic (percent),Kappa M Statistic (percent),model training instances,model serialized size (bytes),Change detected,Warning detected
1000.0,0.04166249,3.108236192663511E-9,1000.0,78.7,46.65344273134374,50.58004640371231,35.649546827794566,1000.0,3024.0,0.0,0.0
2000.0,0.197011297,1.5510193011698623E-8,2000.0,80.9,51.529731814767466,54.41527446300718,43.15476190476191,2000.0,3024.0,0.0,1.0
3000.0,0.290153991,2.295434006166127E-8,3000.0,60.199999999999996,18.657646794334646,9.75056689342402,19.59595959595959,1063.0,3024.0,1.0,17.0
4000.0,0.34819823,2.758361922585302E-8,4000.0,61.7,18.083977824926418,18.162393162393155,5.198019801980203,2063.0,3024.0,0.0,2.0
5000.0,0.378784031,3.002296917218301E-8,5000.0,63.9,20.71997680894612,26.626016260162604,4.497354497354501,3063.0,3024.0,0.0,0.0
6000.0,0.424133311,3.363977043673396E-8,6000.0,65.2,23.897830650804767,24.34782608695652,8.421052631578954,4063.0,3024.0,0.0,0.0
7000.0,0.468643778,3.716581388441846E-8,7000.0,57.699999999999996,15.780671365428262,17.2211350293542,16.23762376237623,664.0,3024.0,1.0,4.0
8000.0,0.510030552,4.0466502499052636E-8,8000.0,68.10000000000001,35.4073186140314,36.58051689860836,27.664399092970527,1664.0,3024.0,0.0,3.0
9000.0,0.546194664,4.335067203439151E-8,9000.0,66.60000000000001,32.76972624798713,33.730158730158735,30.41666666666667,2664.0,3024.0,0.0,0.0
10000.0,0.571008708,4.5329648035609473E-8,10000.0,63.9,25.89521049044644,26.3265306122449,17.3913043478261,3664.0,3024.0,0.0,0.0
