learning evaluation instances,evaluation time (cpu seconds),model cost (RAM-Hours),classified instances,classifications correct (percent),Kappa Statistic (percent),Kappa Temporal Statistic (percent),Kappa M Statistic (percent),model training instances,model serialized size (bytes),Change detected,Warning detected
1000.0,0.05022294,3.7747461949785555E-9,1000.0,82.69999999999999,56.84666347381862,60.22988505747126,48.511904761904745,1000.0,3024.0,0.0,6.0
2000.0,0.205854007,1.617089231312689E-8,2000.0,82.89999999999999,57.566974698998465,61.9153674832962,49.999999999999986,2000.0,3024.0,0.0,0.0
3000.0,0.299318529,2.3623931669241024E-8,3000.0,61.5,21.588594704684315,20.289855072463762,24.8046875,945.0,3024.0,1.0,9.0
4000.0,0.376772716,2.980027635762261E-8,4000.0,69.1,29.9313372456893,33.40517241379309,11.965811965811945,1945.0,3024.0,0.0,0.0
5000.0,0.421696438,3.338257968432373E-8,5000.0,65.2,22.96521923921514,29.838709677419363,9.375000000000009,2945.0,3024.0,0.0,0.0
6000.0,0.473121109,3.749424325669598E-8,6000.0,61.0,17.21854304635761,21.21212121212121,8.018867924528308,3945.0,3024.0,0.0,17.0
7000.0,0.522221548,4.141011406075623E-8,7000.0,59.5,19.05633678959444,17.682926829268286,22.56214149139579,1235.0,3024.0,1.0,4.0
8000.0,0.546345213,4.3334030778902685E-8,8000.0,63.1,24.86438938572057,26.930693069306933,19.078947368421048,2235.0,3024.0,0.0,0.0
9000.0,0.575575153,4.5665184450470324E-8,9000.0,66.10000000000001,31.746798743657894,35.181644359464634,29.375000000000007,3235.0,3024.0,0.0,0.0
10000.0,0.630793101,5.006894040127388E-8,10000.0,64.4,28.44738873166967,27.789046653144016,24.576271186440675,4235.0,3024.0,0.0,0.0
