learning evaluation instances,evaluation time (cpu seconds),model cost (RAM-Hours),classified instances,classifications correct (percent),Kappa Statistic (percent),Kappa Temporal Statistic (percent),Kappa M Statistic (percent),model training instances,model serialized size (bytes),Change detected,Warning detected
1000.0,0.029757431,2.2805967003127768E-9,1000.0,77.3,48.52234175722502,46.962616822429915,33.819241982507286,719.0,3024.0,3.0,9.0
2000.0,0.111852918,8.862047998013182E-9,2000.0,80.45,52.21450919045756,53.341288782816235,39.37984496124031,107.0,3024.0,1.0,5.0
3000.0,0.151417159,1.2055706447023485E-8,3000.0,73.5,44.40808243547142,39.40548780487805,36.501597444089455,1107.0,3024.0,0.0,7.0
4000.0,0.193786081,1.5481636106255984E-8,4000.0,70.65,40.677109651339066,34.741523068371315,36.54054054054055,913.0,3024.0,1.0,8.0
5000.0,0.229490746,1.8364041947885936E-8,5000.0,68.28,36.34519303460686,30.224373075230965,32.193244976485666,216.0,3024.0,1.0,12.0
6000.0,0.251943703,2.0180366693209445E-8,6000.0,66.78333333333333,33.34727552111527,27.97253342970724,29.22585227272727,1216.0,3024.0,0.0,3.0
7000.0,0.27764534,2.2259651940522925E-8,7000.0,65.84285714285714,31.63969803673559,26.04392205381999,30.453752181500874,2216.0,3024.0,0.0,7.0
8000.0,0.304464388,2.4428282137355875E-8,8000.0,65.7,31.401886448122685,26.057666397197533,30.63700707785643,3216.0,3024.0,0.0,7.0
9000.0,0.33163638,2.6621346760797835E-8,9000.0,64.71111111111111,29.348867157134755,24.61428910515072,27.072330654420206,339.0,3024.0,1.0,14.0
10000.0,0.357974529,2.8746075830101555E-8,10000.0,64.53999999999999,28.792472549056374,24.5371355607576,25.300189593427426,1339.0,3024.0,0.0,4.0
