learning evaluation instances,evaluation time (cpu seconds),model cost (RAM-Hours),classified instances,classifications correct (percent),Kappa Statistic (percent),Kappa Temporal Statistic (percent),Kappa M Statistic (percent),model training instances,model serialized size (bytes),Change detected,Warning detected
1000.0,0.032424798,2.453683801144361E-9,1000.0,88.4,71.9913656140893,73.63636363636363,64.19753086419753,1000.0,3024.0,0.0,0.0
2000.0,0.10729236,8.519213017746806E-9,2000.0,85.55,63.74429819499296,66.51216685979144,55.33230293663062,2000.0,3024.0,0.0,0.0
3000.0,0.161402143,1.2884088084339682E-8,3000.0,76.8,50.624103761270376,48.17572598659717,43.27628361858192,985.0,3024.0,1.0,0.0
4000.0,0.204900026,1.6409677142989305E-8,4000.0,73.175,45.591739274397646,41.2054794520548,41.430131004366814,1985.0,3024.0,0.0,0.0
5000.0,0.238037736,1.9077448135726154E-8,5000.0,70.19999999999999,39.873814101777725,35.88640275387262,35.8588032716315,169.0,3024.0,2.0,0.0
6000.0,0.258282875,2.0715088354111132E-8,6000.0,68.78333333333333,37.1108320016439,33.81625441696112,33.722576079263966,1169.0,3024.0,0.0,0.0
7000.0,0.282810697,2.2697025068714803E-8,7000.0,67.18571428571428,34.26034196560719,29.94815492528209,33.12954876273654,409.0,3024.0,1.0,0.0
8000.0,0.30971853,2.4869270488880576E-8,8000.0,67.33749999999999,34.700809505043125,29.92759452936443,33.460656990068735,961.0,3024.0,1.0,0.0
9000.0,0.337018082,2.7071783052016465E-8,9000.0,66.57777777777778,33.09370109521994,28.12425328554361,30.079033007903305,425.0,3024.0,2.0,0.0
10000.0,0.36258943,2.913168972802245E-8,10000.0,66.19,32.20304996039665,27.39961348507624,28.58048162230673,1425.0,3024.0,0.0,0.0
